,Precision@k,Recall@K,MAP@K,nDCG@k,MRR@k,HitRate@k,Coverage@K,Time_fit,Time_predict
5,0.14260593583805112,0.1214667065521613,0.09518013381369017,0.13525478988715509,0.21972036,0.3139475038600103,0.16927613564558028,,
10,0.16700671519251037,0.1609809492113227,0.09053580213847227,0.14029259229630778,0.22839478,0.38085434894493053,0.300428280558871,,
20,0.22013233101150512,0.21888981161376467,0.09323751422056957,0.15592056016637956,0.23387177,0.4590838908903757,0.5039668609141332,,
100,0.38783512568975087,0.38770894602165223,0.09966913625318442,0.19798567945067622,0.23857488,0.6469377251672671,0.9589271923049919,,
