,Precision@k,Recall@K,MAP@K,nDCG@k,MRR@k,HitRate@k,Coverage@K,Novelty@K,Diversity@k,Time_fit,Time_predict
5,0.1671614362454057,0.024600472786183297,0.12056721798134012,0.17481166491305486,0.28709004806333055,0.4296013570822731,0.08867826538561413,9.062767542680415,0.7052291668963391,20.60271167755127,4.283608675003052
10,0.15247519420547412,0.04115880924584558,0.09212539272101578,0.16093392190324876,0.3017123402937652,0.5398642917726887,0.11321734614385874,9.206324185735902,0.7245718428876142,20.60271167755127,4.283608675003052
20,0.14701190296606698,0.06922317009798248,0.07167326629037339,0.15087899337307775,0.30887361777663913,0.6422815945716709,0.14872760321994288,9.39229800303533,0.7469988227725664,20.60271167755127,4.283608675003052
100,0.23157006040532507,0.21845182263868945,0.053528494292070475,0.17182412442458972,0.3140476193372333,0.8454198473282443,0.26317839522202024,9.87845712017673,0.8104107455449603,20.60271167755127,4.283608675003052
