,Precision@k,Recall@K,MAP@K,nDCG@k,MRR@k,HitRate@k,Coverage@K,Time_fit,Time_predict
5,0.1506597819850832,0.03072528838006239,0.10685570854847964,0.15675600639548964,0.26142856,0.4010327022375215,0.08204321549797168,,
10,0.14025653634947957,0.051259093021435054,0.08181372417648132,0.1453737426610413,0.2758166,0.5080895008605852,0.10779037999834423,,
20,0.1426787137350221,0.08509136964302828,0.06456280532678141,0.13952304501274299,0.28365278,0.6196213425129088,0.13941551452934844,,
100,0.27189913674619753,0.26346360301563465,0.05529015406389497,0.17916906677794306,0.28919592,0.8385542168674699,0.2580511631757596,,
