,Precision@k,Recall@K,MAP@K,nDCG@k,MRR@k,HitRate@k,Coverage@K,Time_fit,Time_predict
5,0.05740388832042098,0.05495631300689851,0.029309920576913704,0.042492880953956154,0.053264633,0.10539394825317935,0.12247269346967232,,
10,0.097059106739709,0.0961311380232303,0.03435606320088713,0.05727034347808107,0.06257585,0.1764361935389563,0.17313502207762027,,
20,0.1513243111271164,0.15093711908437898,0.038411775871344936,0.07349885075932275,0.06850529,0.26253471714661597,0.25517081106204975,,
100,0.3522306057290315,0.3522238907019887,0.044438427814550804,0.11803711700525299,0.074749194,0.5224382400233883,0.5742505228910063,,
