,Precision@k,Recall@K,MAP@K,nDCG@k,MRR@k,HitRate@k,Coverage@k,Diversity@k,Novelty@k
0,0.04097122302158274,0.039455292908530316,0.02891187050359712,0.03387841599945017,0.03654676303267479,0.05251798561151079,0.1696461964245643,0.6052934050227681,523.166051314444
1,0.04857999314833846,0.04851542941470998,0.030392719158006926,0.03701642748863482,0.03802729398012161,0.06330935251798561,0.18954297254843294,0.7307956268822811,837.3733117110075
2,0.06728441422686027,0.06728441422686027,0.03243730043744243,0.042969546746770504,0.03941717371344566,0.08345323741007195,0.1949285660857207,0.8466104303838013,1374.61299582992
3,0.15283883183163757,0.15283883183163757,0.03539523189957689,0.061929712765726216,0.04186570271849632,0.1884892086330935,0.19859376168748596,0.954901042299712,3880.0701135525674
