,Precision@k,Recall@K,MAP@K,nDCG@k,MRR@k,HitRate@k,Coverage@k,Diversity@k,Novelty@k
0,0.03955635491606715,0.03819944044764189,0.020143485211830535,0.02677757687505314,0.02717026323080063,0.05107913669064748,0.16500860198967762,0.5484643122611447,638.9070388331456
1,0.04819430170149595,0.048113135864934424,0.021747273609683683,0.030336326594181225,0.028972823172807693,0.06546762589928058,0.18311018026778367,0.6939792185568079,966.6148403935148
2,0.06504561186215863,0.06504561186215863,0.02393513152316067,0.03612722602212099,0.03010088950395584,0.08345323741007195,0.18744857506170992,0.8282447553727218,1569.3169141293977
3,0.1585094070597668,0.1585094070597668,0.027574176783641116,0.05777073856748064,0.032629381865262985,0.19424460431654678,0.18969257236891315,0.9516709401155778,4599.095238426901
