,Precision@k,Recall@K,MAP@K,nDCG@k,MRR@k,HitRate@k,Coverage@K,Time_fit,Time_predict
5,0.06735735735735736,0.01546418379875885,0.0402235985985986,0.06630571755894689,0.115570575,0.21081081081081082,0.03681424446583253,,
10,0.06900025025025025,0.028796476021182873,0.03124787755442518,0.06516556004082309,0.12846114,0.309009009009009,0.053136028232274625,,
20,0.07914361964671564,0.04877305480067666,0.02606622606787211,0.0679009418680027,0.13650446,0.42702702702702705,0.07575393006095604,,
100,0.17371223578009778,0.1687417148568224,0.024043505560841377,0.09749703909548744,0.14294945,0.6842342342342342,0.18002085338466475,,
