,Precision@k,Recall@K,MAP@K,nDCG@k,MRR@k,HitRate@k,Coverage@K,Novelty@K,Diversity@k,Time_fit,Time_predict
5,0.07687771570453135,0.017479713904243587,0.04806248706807366,0.07650356167785119,0.12932960893854747,0.2245810055865922,0.042441901284841675,10.506863177441229,0.5685507515875443,2.0993294715881348,5.359689950942993
10,0.07806553161301766,0.02978561902954133,0.0375148269667202,0.07536277351726768,0.14334160976619076,0.329608938547486,0.06097732219335814,10.529301656273955,0.5904274469345927,2.0993294715881348,5.359689950942993
20,0.0848168900249603,0.04965086810840092,0.030330307809251993,0.07553280937573345,0.15129837903386342,0.4446927374301676,0.08934213297760303,10.593957238123673,0.6156990572805077,2.0993294715881348,5.359689950942993
100,0.16371823167291716,0.1567267803244087,0.02639510213923081,0.09948595203874826,0.15717013142993053,0.6811918063314711,0.22193358140841116,10.796521433428143,0.6903850139300647,2.0993294715881348,5.359689950942993
