,Precision@k,Recall@K,MAP@K,nDCG@k,MRR@k,HitRate@k,Coverage@K
5,0.0026333907056798624,0.0004242178321939627,0.0012679288582903043,0.0026964567168407316,0.0062535857,0.013080895008605853,1.0
10,0.0023880556238559682,0.0007318471116750514,0.0008170277481809324,0.0024744961993073368,0.0073452992,0.021686746987951807,1.0
20,0.002474548571181898,0.0012713205392128695,0.0005688272535656782,0.0024478218975500492,0.008510717,0.038898450946643716,1.0
100,0.006847917884983469,0.0065035257280032935,0.00042756078484173425,0.004124734219330799,0.011108654,0.16419965576592083,1.0
