,Precision@k,Recall@K,MAP@K,nDCG@k,MRR@k,HitRate@k,Coverage@K,Time_fit,Time_predict
5,0.07676079195066536,0.07258934004072014,0.042872579249161526,0.06097111200210832,0.0832035019993782,0.15238558909444985,0.047213433925529326,3.252392292022705,0.4497199058532715
10,0.10214254802862398,0.1006180592942543,0.04590761780748218,0.07083304749807534,0.09037824720144272,0.20545277507302823,0.07009004623996107,3.252392292022705,0.4497199058532715
20,0.1539714985856284,0.15360247449085554,0.050017168861463165,0.08705278661140432,0.09680386632680893,0.2984420642648491,0.09978096860550012,3.252392292022705,0.4497199058532715
100,0.3533136731575406,0.3533136731575406,0.056183148301496795,0.13232958395457742,0.10256897658109665,0.5443037974683544,0.23217327816987102,3.252392292022705,0.4497199058532715
