,Precision@k,Recall@K,MAP@K,nDCG@k,MRR@k,HitRate@k,Coverage@K,Time_fit,Time_predict
5,0.08069620253164557,0.07654408808985423,0.04525397598182408,0.06360160871354567,0.08373904228210449,0.1518987341772152,0.07544414699440254,4.828949451446533,0.4213411808013916
10,0.12100643730390566,0.11957260569146534,0.05045636070613466,0.07936244776157175,0.09475104510784149,0.23369036027263876,0.10440496471160866,4.828949451446533,0.4213411808013916
20,0.1795854236146869,0.17922159639420426,0.05530666399257919,0.09781835338804305,0.10156194865703583,0.3310613437195716,0.15356534436602579,4.828949451446533,0.4213411808013916
100,0.4001571406950982,0.4001571406950982,0.06234357232449024,0.14793619194492588,0.10780162364244461,0.5939629990262901,0.3368216110975907,4.828949451446533,0.4213411808013916
