,Precision@k,Recall@K,MAP@K,nDCG@k,MRR@k,HitRate@k,Coverage@K,Novelty@K,Diversity@k,Time_fit,Time_predict
5,0.07711278667923342,0.07282672615844742,0.04173395119907844,0.0604590812740371,0.08295633050581211,0.1540999057492931,0.044669299111549855,3.0978754,0.6486303514177305,3.703118324279785,1.2237508296966553
10,0.10420201068174678,0.10263275770555677,0.04516704076645842,0.0710049150471356,0.09036099516778122,0.20923656927426956,0.0673741362290227,3.4912229,0.7084203346243126,3.703118324279785,1.2237508296966553
20,0.1524120849815584,0.15205130882073353,0.04897826697077736,0.0863540155525046,0.09650424037303858,0.3001885014137606,0.0947680157946693,3.9064653,0.7583191907999031,3.703118324279785,1.2237508296966553
100,0.3474212565867523,0.3474212565867523,0.055168493929037415,0.13125394439221005,0.10227546843211964,0.5428840716305372,0.2292694965449161,5.0236487,0.8548452086268197,3.703118324279785,1.2237508296966553
