,Precision@k,Recall@K,MAP@K,nDCG@k,MRR@k,HitRate@k,Coverage@K,Novelty@K,Diversity@k,Time_fit,Time_predict
5,0.08238297203895696,0.0781326984968271,0.04639752853701958,0.06546898283791977,0.08753534401508012,0.15692742695570217,0.07650542941757157,3.4683886,0.6855808738857405,2.944152355194092,1.1763050556182861
10,0.1249910237422019,0.12363094917759382,0.05160356274321087,0.08167177906323284,0.09874856005864488,0.24175306314797362,0.1125370187561698,3.835671,0.7327697011685999,2.944152355194092,1.1763050556182861
20,0.18179879492130918,0.18140491456596372,0.05640473529633678,0.09986991764292165,0.10532450255331657,0.33694627709707825,0.16535044422507403,4.224904,0.776192454749475,2.944152355194092,1.1763050556182861
100,0.39760154488511257,0.39760154488511257,0.06350874229568647,0.14960690054669656,0.1115981905418348,0.5966069745523092,0.37561697926949655,5.316708,0.8640526743669001,2.944152355194092,1.1763050556182861
