,Precision@k,Recall@K,MAP@K,nDCG@k,MRR@k,HitRate@k,Coverage@K,Time_fit,Time_predict
5,0.09247481384143671,0.07546222126753693,0.06974532778507811,0.10249284476976094,0.19936268031597137,0.26636005256241785,0.004986893421136756,33.94471836090088,6.2207136154174805
10,0.0898856454539766,0.0859319509528629,0.061021596537091494,0.09573163846308318,0.20454290509223938,0.3069645203679369,0.007736078255865993,33.94471836090088,6.2207136154174805
20,0.10937031693712856,0.10887920155340536,0.06092369296913561,0.1017443852750205,0.20990154147148132,0.38607095926412616,0.013618055111565757,33.94471836090088,6.2207136154174805
100,0.19709299772373318,0.19709299772373318,0.06415628672835769,0.12939145176727382,0.2154046893119812,0.6067017082785808,0.0526181190460968,33.94471836090088,6.2207136154174805
