,Precision@k,Recall@K,MAP@K,nDCG@k,MRR@k,HitRate@k,Coverage@K,Time_fit,Time_predict
5,0.09087166009636442,0.07428170530534665,0.06304537158709302,0.09518783819985473,0.17989924550056458,0.2607095926412615,0.0014065596828847261,26.097548723220825,4.921233415603638
10,0.08538331977556682,0.08149011271758189,0.05465140879927188,0.08802207253631296,0.1845790445804596,0.29684625492772665,0.0026213157726488077,26.097548723220825,4.921233415603638
20,0.10415586416429572,0.10366430351488592,0.054417481420788366,0.09343093765117998,0.1893717497587204,0.3716162943495401,0.004539351703855252,26.097548723220825,4.921233415603638
100,0.1944288537444763,0.1944288537444763,0.0576609916995453,0.12154175061716616,0.19496312737464905,0.6018396846254928,0.01419346589092769,26.097548723220825,4.921233415603638
