,Precision@k,Recall@K,MAP@K,nDCG@k,MRR@k,HitRate@k,Coverage@K
5,0.02391490821753302,0.017716373736405958,0.013113884599988562,0.022421083852510924,0.042648826,0.07308286155429748,0.000898645612683741
10,0.09982926092035717,0.0961780967389586,0.019402701336152923,0.0501411251605185,0.06355068,0.26968605249613997,0.0012837794466910586
20,0.20245418696937126,0.20174790522298366,0.028652652971216806,0.084454729909516,0.081160344,0.4678332475553268,0.0022466140317093522
100,0.2442945523687296,0.24421425621630322,0.02984213893031631,0.09484432099927093,0.08249283,0.5234173957797221,0.009179023043841068
