,Precision@k,Recall@K,MAP@K,nDCG@k,MRR@k,HitRate@k,Coverage@K,Time_fit,Time_predict
5,0.14201183431952663,0.03779071331477086,0.09967932281393821,0.1453593393427294,0.2390434,0.36449704142011835,0.08530977734753147,,
10,0.13731708462477696,0.06227517482148587,0.07925221958715549,0.13794443274853213,0.25437403,0.47928994082840237,0.11156824782187802,,
20,0.14732930346725756,0.10138365766754971,0.0659201672217824,0.13589890646687858,0.26163986,0.5828402366863905,0.14206195546950628,,
100,0.2801737122155502,0.2745055452524899,0.059132195476468224,0.17679643123947913,0.26703206,0.7940828402366864,0.26621490803484993,,
