,Precision@k,Recall@K,MAP@K,nDCG@k,MRR@k,HitRate@k,Coverage@k,Diversity@k,Novelty@k
0,0.022760821863155794,0.0192133157749477,0.012046339517255138,0.019067118410633067,0.03019389510154724,0.057498503889886296,0.259748388308193,0.9218107641565623,3111.5110289592517
1,0.033827135162862274,0.032269759961552485,0.012639453079589438,0.023200452312238988,0.03477705270051956,0.09225613405146618,0.27310687684975726,0.9315473621510391,4634.811313359468
2,0.05412190716657091,0.053606952746565274,0.013890506331756619,0.029671380940309085,0.03809666261076927,0.14065828845002992,0.2785432630835397,0.9416909237230738,6912.046341252936
3,0.15369803479055744,0.15368859750999078,0.016706461525348063,0.053615916494726676,0.04202187433838844,0.3095870736086176,0.2804388451255823,0.9637601005050955,15926.084281880656
