,Precision@k,Recall@K,MAP@K,nDCG@k,MRR@k,HitRate@k,Coverage@K,Time_fit,Time_predict
5,0.0568092749836708,0.016488641219044975,0.03387845634661442,0.05682906512843393,0.10489332,0.18647942521227956,0.033489013905105613,13.449661493301392,6.425826787948608
10,0.058946585383554684,0.027880840872039132,0.02643793922000665,0.05626222963636936,0.116068706,0.27106466361855,0.05079078654070693,13.449661493301392,6.425826787948608
20,0.06865023164473331,0.04810620695673786,0.021940491942386644,0.05808559196561069,0.12279845,0.3674069235793599,0.07117078866362382,13.449661493301392,6.425826787948608
100,0.15698952762509494,0.15473202020626478,0.02066053900609323,0.08383077201793597,0.12849464,0.6002612671456564,0.15836959983016666,13.449661493301392,6.425826787948608
