,Precision@k,Recall@K,MAP@K,nDCG@k,MRR@k,HitRate@k,Coverage@K,Time_fit,Time_predict
5,0.13403353057199213,0.03535038733793008,0.09382084155161079,0.13875167395226504,0.23311637341976166,0.357396449704142,0.08288964181994192,,
10,0.13193481731943274,0.05952918863487873,0.07562641946982607,0.13294632402415724,0.24765779078006744,0.46745562130177515,0.11217328170377541,,
20,0.14164151903964037,0.09697445952147928,0.06344563125598891,0.131770079804859,0.25558212399482727,0.580473372781065,0.14762826718296224,,
100,0.278394255374827,0.272895459082003,0.05762508050037138,0.17349792868957076,0.26102927327156067,0.7952662721893491,0.28279283639883834,,
