,Precision@k,Recall@K,MAP@K,nDCG@k,MRR@k,HitRate@k,Coverage@K,Novelty@K,Diversity@k,Time_fit,Time_predict
5,0.15007501875468868,0.028155320279564564,0.10653007001750439,0.1565085407493556,0.26032133033258315,0.39497374343585895,0.0775871256527763,8.286601988246781,0.6700213186047063,7.976599931716919,0.850151777267456
10,0.14267703830719583,0.047974332232177286,0.08401836139070672,0.14772166050422733,0.2752058550351874,0.5063765941485371,0.10305872322284984,8.44680637625688,0.6914023122159183,7.976599931716919,0.850151777267456
20,0.13933525121177393,0.07713819919976805,0.0667338580917023,0.1399067995020991,0.28260957752530047,0.6110277569392348,0.1413194074389854,8.549865540348781,0.7165975448679074,7.976599931716919,0.850151777267456
100,0.22706327880612698,0.2177803296477514,0.054244707811481684,0.1654686076267802,0.2873925115531491,0.7966991747936985,0.2795481189385058,8.752012210426829,0.7853576373862434,7.976599931716919,0.850151777267456
