,Precision@k,Recall@K,MAP@K,nDCG@k,MRR@k,HitRate@k,Coverage@K,Time_fit,Time_predict
5,0.013680154142581885,0.010322743040708241,0.006377649325626204,0.011826634527278891,0.022591521963477135,0.04335260115606936,0.060445387062566275,,
10,0.022166024405908803,0.020133054413882988,0.00673169556840077,0.015347833836805654,0.027405038475990295,0.07803468208092486,0.09247083775185579,,
20,0.034541690647181975,0.033368462054876154,0.007437588703491207,0.01914217725657145,0.029795514419674873,0.11560693641618497,0.13404029692470837,,
100,0.08724063862046189,0.08719762737837004,0.008836730449037591,0.033025029905442545,0.03309199586510658,0.25722543352601157,0.3264050901378579,,
