,Precision@k,Recall@K,MAP@K,nDCG@k,MRR@k,HitRate@k,Coverage@K,Time_fit,Time_predict
5,0.01748554913294798,0.01422278036975816,0.009042228644829802,0.014615720597762772,0.023795761168003082,0.049132947976878616,0.15800636267232238,,
10,0.0223747591522158,0.02053679517555879,0.008987751169832095,0.016315824275732523,0.025973714888095856,0.06647398843930635,0.2708377518557794,,
20,0.032242741202278775,0.031179269587628983,0.009398300632695327,0.019734144857537477,0.02859164960682392,0.10404624277456648,0.4428419936373277,,
100,0.07966651983213682,0.07962350859004498,0.010615066169385085,0.032725232022733815,0.03178713098168373,0.24277456647398843,0.9300106044538706,,
