,Precision@k,Recall@K,MAP@K,nDCG@k,MRR@k,HitRate@k,Coverage@K,Time_fit,Time_predict
5,0.04621287128712871,0.03298997551956948,0.030819180876420976,0.04818621205958574,0.09185436367988586,0.1382013201320132,0.007795763595330561,0.6476998329162598,464.8109278678894
10,0.05140250929854891,0.046632964354110386,0.02669169953536359,0.04786295108083912,0.09754932671785355,0.18135313531353137,0.014617772737166489,0.6476998329162598,464.8109278678894
20,0.06774783114910767,0.06651524884736759,0.026421959916762577,0.05272118447362151,0.10132110118865967,0.2367161716171617,0.028118591836500898,0.6476998329162598,464.8109278678894
100,0.14216694271159788,0.14213710674225288,0.02869011664605963,0.07337814187820783,0.10490461438894272,0.3870049504950495,0.12586062709786805,0.6476998329162598,464.8109278678894
