,Precision@k,Recall@K,MAP@K,nDCG@k,MRR@k,HitRate@k,Coverage@K,Novelty@K,Diversity@k,Time_fit,Time_predict
5,0.0008334401846390563,0.0005006775361949102,0.0003444886096508099,0.0007108501720269802,0.0013591486087959994,0.0034619823054237724,0.9185137732222934,10.432444778381473,0.9975726481171711,0.09286952018737793,3.096527099609375
10,0.0010396123231102073,0.0009375093869806617,0.0003085501057997532,0.000802513225300339,0.0016990884057174608,0.006026413642774715,0.9937860345932095,10.438653578372026,0.9976070776150303,0.09286952018737793,3.096527099609375
20,0.001641277257212181,0.0016178998011344829,0.0003255208569013203,0.0010667823814306942,0.002058850858222612,0.011411719451211694,1.0002562459961564,10.438579939386642,0.9975968320388297,0.09286952018737793,3.096527099609375
100,0.006615340635627182,0.006615340635627182,0.00042476425297779426,0.0026993845493753364,0.002831874880135216,0.04910886011027055,1.0003203074951954,10.43592337805013,0.9975882716148253,0.09286952018737793,3.096527099609375
