,Precision@k,Recall@K,MAP@K,nDCG@k,MRR@k,HitRate@k,Coverage@K
5,0.0005256241787122207,0.0003391476981364004,0.00020827858081471748,0.00045277045276430247,0.0008935611,0.002233902759526938,0.9996163928137587
10,0.0006914982374903531,0.0006049233018757394,0.0001913475956401931,0.0005499339744816767,0.0011756148,0.004336399474375821,1.0
20,0.0013572547547722792,0.0013407139423214796,0.0002254248293734913,0.0008349691926207202,0.0015425558,0.009724047306176084,1.0
100,0.006471528464035921,0.006471528464035921,0.0003235469628953453,0.0024327767356204016,0.0022516204,0.045466491458607095,1.0
