,Precision@k,Recall@K,MAP@K,nDCG@k,MRR@k,HitRate@k,Coverage@K,Time_fit,Time_predict
5,0.12490575707533738,0.031370254129735216,0.09473642035065076,0.1309122080624577,0.20852117240428925,0.3004612493593759,0.38863089762487946,,
10,0.11479631994779196,0.04974500248841364,0.07389640651355733,0.12014633629602894,0.21864648163318634,0.37628836626615797,0.5057577000232746,,
20,0.11371411714881216,0.07578430512005774,0.05965136146390129,0.1132690550997846,0.22436489164829254,0.45911964011161094,0.6248905538253516,,
100,0.18707799414866577,0.18358966284831787,0.05156761095034953,0.133589690284861,0.22950562834739685,0.6707818461363249,0.8518514413645583,,
