,Precision@k,Recall@K,MAP@K,nDCG@k,MRR@k,HitRate@k,Coverage@K,Time_fit,Time_predict
5,0.10577734501785135,0.10167648310531166,0.05676309098777454,0.07824275562790582,0.092916265,0.17770204479065238,0.33805668016194335,,
10,0.1588601799044837,0.1575254165991464,0.06314965875996617,0.09825441584568365,0.10678351,0.28237585199610515,0.4757085020242915,,
20,0.243144758931218,0.24283420561685742,0.06992513926338684,0.12406487875472164,0.1157628,0.4133398247322298,0.6368927125506073,,
100,0.48585640796788865,0.48585640796788865,0.07834199496570823,0.18036442732181132,0.122750424,0.6815968841285297,0.9316801619433198,,
