,Precision@k,Recall@K,MAP@K,nDCG@k,MRR@k,HitRate@k,Coverage@K,Novelty@K,Diversity@k,Time_fit,Time_predict
5,0.10428840716305372,0.10004098979715341,0.05926222641114253,0.08078273032088007,0.10186930568645933,0.18096135721017909,0.32453109575518263,6.858162327333099,0.7865368042221682,209.30585503578186,0.03612399101257324
10,0.16197451490806816,0.16054272093335425,0.06636843510224978,0.10220645179265694,0.11567853028738986,0.2855796418473139,0.4654491609081935,7.0203137647689156,0.814515216026539,209.30585503578186,0.03612399101257324
20,0.23868423394034857,0.2384660528920277,0.07233982063264711,0.12567732004384574,0.12404275379533838,0.40904806786050896,0.6253701875616979,7.194748659779163,0.8437141699068937,209.30585503578186,0.03612399101257324
100,0.47527505533413755,0.47527505533413755,0.08057250702289054,0.18082274977360285,0.13073407250993077,0.6795475966069745,0.9316386969397829,7.681778852959925,0.9060192621517787,209.30585503578186,0.03612399101257324
