,Precision@k,Recall@K,MAP@K,nDCG@k,MRR@k,HitRate@k,Coverage@K,Novelty@K,Diversity@k,Time_fit,Time_predict
5,0.08010524662268301,0.07548898122189854,0.044220599015603726,0.06342456621134306,0.0865535658184103,0.15598491988689916,0.08440276406712735,5.940409099669412,0.6828379482024932,124.2262864112854,0.02859330177307129
10,0.11776046108044222,0.11618289323992645,0.04878395216082035,0.07765260812131511,0.09601697260745329,0.22808671065032987,0.12191510365251727,6.090996435316652,0.7300065475880089,124.2262864112854,0.02859330177307129
20,0.16943013890403466,0.16902277547759015,0.052800293576738426,0.09388672221122388,0.10243642422309153,0.32186616399622997,0.17892398815399801,6.528674009855819,0.7781630806457528,124.2262864112854,0.02859330177307129
100,0.39013893297607904,0.39013893297607904,0.05973998265769974,0.1439803898466529,0.10894302873373853,0.5937794533459001,0.3914116485686081,7.317891539334572,0.8711964934262244,124.2262864112854,0.02859330177307129
