,Precision@k,Recall@K,MAP@K,nDCG@k,MRR@k,HitRate@k,Coverage@K,Time_fit,Time_predict
5,0.036075949367088606,0.03409484315075911,0.023739045764362223,0.03220738689513631,0.04748458415269852,0.0759493670886076,0.006072874493927126,,
10,0.05565292653900249,0.05510680758169423,0.02567651719889514,0.03922891265286409,0.05324647203087807,0.1192794547224927,0.013157894736842105,,
20,0.09296604300668333,0.09275478983715495,0.02821677070045845,0.05051639705285811,0.05812596529722214,0.19425511197663095,0.02353238866396761,,
100,0.240457301651248,0.240457301651248,0.03233944803401576,0.08438636335621914,0.06353972107172012,0.4186952288218111,0.07059716599190283,,
