,Precision@k,Recall@K,MAP@K,nDCG@k,MRR@k,HitRate@k,Coverage@K,Time_fit,Time_predict
5,0.018358974358974357,0.013989660667107735,0.009392735042735044,0.015083396007853364,0.023992674,0.04791208791208791,0.026988228538616134,,
10,0.023324873539159255,0.020712184077067344,0.00917229060936544,0.016828544966631828,0.027352436,0.07362637362637363,0.04713001612226418,,
20,0.03380157764907535,0.0320500663875378,0.009437919513135083,0.02007602025789295,0.030121395,0.1145054945054945,0.08551425605689171,,
100,0.07726745014140562,0.07697003761151923,0.010213443909868926,0.030736781267600297,0.032847144,0.2323076923076923,0.34996355926588485,,
