,Precision@k,Recall@K,MAP@K,nDCG@k,MRR@k,HitRate@k,Coverage@K,Time_fit,Time_predict
5,0.02557683935568132,0.02397519207203915,0.015146205195182122,0.02082727335431022,0.027412569150328636,0.047017849368741836,0.1654776299879081,,
10,0.033195817871481785,0.032390701011902855,0.015997525527891222,0.02362694009525362,0.029141530394554138,0.06007836308228123,0.2812374042724708,,
20,0.04760371760921677,0.0469914615133419,0.017096850265218518,0.028040209008351174,0.030846048146486282,0.08402263822377014,0.44137444578798873,,
100,0.0863397546009443,0.08619068589761833,0.018329094754565626,0.036977415831023444,0.03230975195765495,0.14235959947757945,0.8425433293027005,,
