,Precision@k,Recall@K,MAP@K,nDCG@k,MRR@k,HitRate@k,Coverage@K,Novelty@K,Diversity@k,Time_fit,Time_predict
5,0.18949118242266552,0.03119237504828522,0.13314999518165174,0.1930922200090171,0.30297773923099164,0.4744145706851691,0.06944,2.001676754266773,0.5245587777095939,0.25629448890686035,0.01466512680053711
10,0.18408465149575298,0.05429326869407565,0.1083433109198194,0.1859358373003332,0.31718773661531685,0.5784908933217693,0.10656,2.156817451718586,0.5650688040922918,0.25629448890686035,0.01466512680053711
20,0.18310872310252044,0.09116320015207018,0.08835331173874907,0.17901894388595985,0.3256512208976033,0.6973113616652211,0.15776,2.357345118363514,0.6088910162729552,0.25629448890686035,0.01466512680053711
100,0.2940465531012156,0.2777982427655167,0.07089879986614271,0.21028706116442855,0.3305598427919784,0.8846487424111015,0.38496,3.077504351876199,0.7338806227212706,0.25629448890686035,0.01466512680053711
