,Precision@k,Recall@K,MAP@K,nDCG@k,MRR@k,HitRate@k,Coverage@K,Novelty@K,Diversity@k,Time_fit,Time_predict
5,0.015004336513443193,0.001999481749209258,0.005319456490315119,0.012469571909597245,0.022781150621566926,0.06764960971379011,0.00768,9.01540424042638,0.9885746950991909,0.6528396606445312,0.07344841957092285
10,0.01677507950274646,0.004772738503433456,0.004291496303638541,0.014580176814792832,0.03265566706590124,0.14050303555941024,0.01952,8.364356038507774,0.9777064433216309,0.6528396606445312,0.07344841957092285
20,0.014200039470031066,0.0067022753290632625,0.0030296456048448427,0.012996490066621782,0.03563898250863738,0.1821335646140503,0.0448,8.091436401885543,0.9744209845323131,0.6528396606445312,0.07344841957092285
100,0.038562846972846725,0.035515858348954654,0.0027326783406131277,0.023615697581235284,0.0443141149477099,0.5481352992194276,0.25056,7.289140579851879,0.9624424878129568,0.6528396606445312,0.07344841957092285
