,Precision@k,Recall@K,MAP@K,nDCG@k,MRR@k,HitRate@k,Coverage@K
5,0.02011993382961125,0.014062126014145847,0.009001240694789081,0.01746867481081428,0.03188586,0.07816377171215881,1.0
10,0.026522312812635392,0.024297418826376867,0.008870447073692082,0.021219577264924752,0.04017832,0.13895781637717122,1.0
20,0.05102574505653388,0.050557603252829514,0.010387400141523296,0.03110520496857073,0.047782075,0.2506203473945409,1.0
100,0.2633188180497902,0.2633188180497902,0.01739349508285198,0.09410567077977665,0.058294736,0.7109181141439206,1.0
