,Precision@k,Recall@K,MAP@K,nDCG@k,MRR@k,HitRate@k,Coverage@K
5,0.18135564570655852,0.02687432005660145,0.12859533468559836,0.18575223151676315,0.29202166,0.4482758620689655,0.0208
10,0.16517394314047457,0.04442543210384205,0.09954495351780558,0.17214691416355904,0.3077751,0.5628803245436106,0.03104
20,0.16700934688668534,0.07845604705412915,0.08075702148291,0.1669281512077322,0.31619814,0.6825557809330629,0.04896
100,0.2723498003804547,0.2560491742995717,0.06465333229759872,0.19787710912372622,0.32116997,0.8732251521298174,0.14176
