,Precision@k,Recall@K,MAP@K,nDCG@k,MRR@k,HitRate@k,Coverage@K
5,0.03117273940438183,0.007424168443909445,0.01899407366115419,0.03185014482716318,0.059361648,0.10381087518370243,0.006715196659330737
10,0.034510128871224496,0.015412819583246114,0.01511526847558902,0.03289553243861101,0.06741045,0.16519535802969645,0.008972405620450314
20,0.04208670496887348,0.029674520662169628,0.01293942688854913,0.03540265146082907,0.072420634,0.23795672224192976,0.014107556006997347
100,0.13234626508589675,0.13083398719490202,0.014033850565851685,0.0637654627938301,0.077776186,0.4739421274008007,0.04079905197223633
