,Precision@k,Recall@K,MAP@K,nDCG@k,MRR@k,HitRate@k,Coverage@K,Time_fit,Time_predict
5,0.019031048963065587,0.01643872297083505,0.009907825069003664,0.015694445909397836,0.0242006853222847,0.04713728775332667,0.34258336604563616,,
10,0.028518291787937695,0.02769024049760029,0.010619393943312629,0.019397185851987603,0.02796778455376625,0.07594161806875664,0.5055006995400146,,
20,0.043811269503875136,0.043650399657765106,0.011683249068314945,0.02458207249926172,0.030731242150068283,0.11628056835390019,0.6888506406578696,,
100,0.11393442111873778,0.11393442111873778,0.013760371858934233,0.042262249453879575,0.03406029939651489,0.26239649450655667,0.9712836307636561,,
