,Precision@k,Recall@K,MAP@K,nDCG@k,MRR@k,HitRate@k,Coverage@k,Diversity@k,Novelty@k
0,0.029937418134187165,0.0018006636927765482,0.015744433124727116,0.02992590871141316,0.05986028164625168,0.1196332411584922,0.6060043330238316,0.7856536394453231,26.733838329495015
1,0.030724947039893914,0.0037706325885364356,0.011452095135935432,0.030502844711383995,0.07171710580587387,0.20943094163877166,0.8410192922727742,0.7915358095482614,47.67736131723237
2,0.030885867274322725,0.007408133747674518,0.008360727510531261,0.030667799706173757,0.07961785048246384,0.32528016300392953,0.9238625812441968,0.7979681780903151,89.68984939952033
3,0.041674341867852946,0.03332450118123626,0.005056001738673797,0.03606824267441498,0.08843310922384262,0.6969873380876146,0.9253069225214072,0.8179649813083643,404.8304175171819
