,Precision@k,Recall@K,MAP@K,nDCG@k,MRR@k,HitRate@k,Coverage@K,Time_fit,Time_predict
5,0.016706067769897557,0.01398261873294129,0.009795770948253218,0.015293778645763891,0.02561071701347828,0.04491725768321513,0.18644375795020898,,
10,0.02513649667904987,0.023747096112666895,0.010328433547046347,0.019074209197073113,0.030525067821145058,0.08274231678486997,0.3091041250227149,,
20,0.041223353844667764,0.0407752701738094,0.011178316109352089,0.02452591139499654,0.03429694101214409,0.13829787234042554,0.45357077957477737,,
100,0.11263037296446855,0.11263037296446855,0.013085954625681894,0.042568739247311554,0.03804873302578926,0.30141843971631205,0.8453570779574777,,
