,Precision@k,Recall@K,MAP@K,nDCG@k,MRR@k,HitRate@k,Coverage@k,Diversity@k,Novelty@k
0,0.0163901855176541,0.013827758995370554,0.008489740009309129,0.013651716025722946,0.022030720487236977,0.0424655894673848,0.17701338531281574,0.8954359298171002,13513.70065838526
1,0.02430036191616084,0.023105424450431913,0.008934947552840317,0.01667661187397366,0.02553972229361534,0.06910831837223219,0.19170414613864573,0.9094079611893069,17423.958047018994
2,0.03874960626825161,0.03837043208576217,0.00977858070120699,0.021334871795489988,0.028185075148940086,0.10788749251944943,0.20035050384928335,0.9237870220366278,21787.4073613206
3,0.11724563151094529,0.1172378763050763,0.01186990254706216,0.04027087124045672,0.03157563880085945,0.25697187312986236,0.20601042570123124,0.9509881169517672,36835.09545755186
