,Precision@k,Recall@K,MAP@K,nDCG@k,MRR@k,HitRate@k,Coverage@k,Diversity@k,Novelty@k
0,0.013879114302812686,0.01155185576040506,0.007225673249551167,0.01168770906913511,0.019105127081274986,0.03691202872531418,0.18522161321184918,0.8855664995320673,31947.86608359697
1,0.02058307448253588,0.019547782948698994,0.007557189512106015,0.014178754108488565,0.022008104249835014,0.05910233393177738,0.20073498511252783,0.9029491966616814,39419.42190569937
2,0.03303800168347361,0.032696601091433894,0.008271021541837823,0.018167641381393002,0.024330364540219307,0.09330939557151406,0.2091220415060936,0.9190646443175476,46536.10979261975
3,0.09888908696229186,0.09888311150142279,0.010030581549212278,0.03421845977670606,0.027313923463225365,0.22408138839018552,0.21491608472894072,0.9484943174297343,69281.12759841063
