,Precision@k,Recall@K,MAP@K,nDCG@k,MRR@k,HitRate@k,Coverage@K,Time_fit,Time_predict
5,0.014530317310713163,0.013685131659380277,0.007277987223793067,0.01090047998719371,0.014616715721786022,0.029688972667295005,0.6596742349457059,3.840146064758301,4.981856822967529
10,0.034662567508938855,0.03440955624783318,0.009722422139868618,0.018037976401862874,0.018891656771302223,0.06314797360980208,0.7981243830207305,3.840146064758301,4.981856822967529
20,0.06599990572781883,0.0659342393998912,0.011831122216485513,0.02725355954363835,0.02286534011363983,0.1234684260131951,0.8951135241855873,3.840146064758301,4.981856822967529
100,0.2929528285793063,0.2929528285793063,0.017624160657641975,0.07765310860980351,0.030738838016986847,0.49057492931196983,0.9568114511352419,3.840146064758301,4.981856822967529
