,Precision@k,Recall@K,MAP@K,nDCG@k,MRR@k,HitRate@k,Coverage@k,Diversity@k,Novelty@k
0,0.0021223021582733813,0.0013323626812835447,0.0009328537170263789,0.0018884607332884272,0.0035491606686264277,0.007913669064748202,0.2045777545066946,,4000.524787678223
1,0.004089299988580564,0.0038843550534198015,0.0010281203608541738,0.002803676613134618,0.004766758065670729,0.017985611510791366,0.22357693170768195,,4250.0170854494845
2,0.008835562918296732,0.008829567714459802,0.0013581909009474963,0.0042912006405043356,0.005423642694950104,0.02805755395683453,0.22821452614256862,,5219.999858233898
3,0.0518194508153247,0.0518194508153247,0.0025784487258365143,0.014616547355250337,0.007206274662166834,0.11438848920863309,0.2308325230009724,,5128.436902830181
