,Precision@k,Recall@K,MAP@K,nDCG@k,MRR@k,HitRate@k,Coverage@K
5,0.06041869522882181,0.0574133679090988,0.03565995888780699,0.050169715405523486,0.07160824,0.12268743914313535,0.008761255779995133
10,0.0820653853881702,0.08099826701044445,0.03769391474899311,0.058296947859862655,0.078571424,0.17526777020447906,0.013385251886103676
20,0.11964437006776804,0.11932620333204076,0.04046507348788509,0.07016506149652353,0.08351336,0.24829600778967867,0.019712825504989047
100,0.30156016026556387,0.30156016026556387,0.04559992234592779,0.11075388723633217,0.088829905,0.4892891918208374,0.059625212947189095
