,Precision@k,Recall@K,MAP@K,nDCG@k,MRR@k,HitRate@k,Coverage@K,Novelty@K,Diversity@k,Time_fit,Time_predict
5,0.05969996858309771,0.05655358326703673,0.03566368206094879,0.05041674869546021,0.07342915488532831,0.12441093308199812,0.008884501480750246,2.646488576347059,0.6342156536810746,0.01820993423461914,0.9459841251373291
10,0.08139913678320841,0.08027511916884816,0.03772386962080535,0.05852639971480896,0.08027242942417305,0.176248821866164,0.01332675222112537,3.043795180058079,0.6914399747612863,0.01820993423461914,0.9459841251373291
20,0.11881873275942996,0.11848530262292933,0.04045818961483601,0.07030550146602758,0.08515065053882923,0.24882186616399624,0.019990128331688055,3.473496905053563,0.7431529915064343,0.01820993423461914,0.9459841251373291
100,0.2963172915934184,0.2963172915934184,0.0455093667636238,0.11019067364119169,0.09044183272083994,0.4877474081055608,0.0604639684106614,4.641316406750412,0.8517999217708904,0.01820993423461914,0.9459841251373291
