,Precision@k,Recall@K,MAP@K,nDCG@k,MRR@k,HitRate@k,Coverage@K
5,0.0,0.0,0.0,0.0,0.0,0.0,0.9589407914311217
10,0.00010883761427949499,0.00010883761427949499,1.3604701784936874e-05,5.36139287637636e-05,5.4418808e-05,0.00043535045711797995,0.9980660517703065
20,0.0007836308228123639,0.0007643229070588264,5.553582475998442e-05,0.00023967353336733717,0.00013537872,0.0017414018284719198,1.0
100,0.001826751810511105,0.0018248579130422866,8.074913985390894e-05,0.0005056264163625417,0.0002532777,0.0060949063996517195,1.0
