,Precision@k,Recall@K,MAP@K,nDCG@k,MRR@k,HitRate@k,Coverage@K,Time_fit,Time_predict
5,0.08249468462083628,0.007479185338870208,0.043238837703756194,0.0813105065842842,0.1552799493074417,0.31254429482636426,0.6869415807560137,,
10,0.08547129695251596,0.015389290985958254,0.03283810311273104,0.08367657410380105,0.17855513095855713,0.4890148830616584,0.7920962199312714,,
20,0.095012402551382,0.03360254236006648,0.02669666202038726,0.09104447826779888,0.19488975405693054,0.7214741318214033,0.8532646048109965,,
100,0.22917615494567334,0.22737670717653607,0.043717875766746996,0.17822129316443266,0.20189563930034637,0.963855421686747,0.9381443298969072,,
