,Precision@k,Recall@K,MAP@K,nDCG@k,MRR@k,HitRate@k,Coverage@K,Time_fit,Time_predict
5,0.09596031183557761,0.008690436764865238,0.05294826364280652,0.09695213857797641,0.1865934282541275,0.3557760453579022,0.7845360824742268,,
10,0.09992912827781715,0.01799365469263524,0.03972194098522943,0.09932367143266504,0.21404947340488434,0.5634301913536499,0.8673539518900344,,
20,0.10448165209859042,0.03723515140075618,0.030936821944256343,0.10269532295878078,0.2287958860397339,0.776045357902197,0.8975945017182131,,
100,0.2387356227155954,0.23688876467927958,0.047040655659468175,0.188621366101739,0.23481488227844238,0.9751948972360028,0.940893470790378,,
