,Precision@k,Recall@K,MAP@K,nDCG@k,MRR@k,HitRate@k,Coverage@K,Time_fit,Time_predict
5,0.05720290883291949,0.019560838291013436,0.0330666945387591,0.05639722051491104,0.103046924,0.18637814827953175,0.12245358614073698,79.82898950576782,1005.7635157108307
10,0.06289634678513714,0.036222931726029764,0.02651409699751189,0.05740663525632692,0.11458299,0.2734049561648001,0.14542068732012867,79.82898950576782,1005.7635157108307
20,0.07983485063447984,0.06422038258887516,0.023342123749661506,0.06230096261401057,0.12154884,0.3743323366948766,0.1748772642627391,79.82898950576782,1005.7635157108307
100,0.21445816351255442,0.21271175669888873,0.026294227456396823,0.10441351281465695,0.12780179,0.6286069021436173,0.27543592348061624,79.82898950576782,1005.7635157108307
