,Precision@k,Recall@K,MAP@K,nDCG@k,MRR@k,HitRate@k,Coverage@K
5,0.0,0.0,0.0,0.0,0.0,0.0,0.9973072032313561
10,0.0002697841726618705,0.0002697841726618705,3.147482014388489e-05,0.00014120002360739205,0.0001618705,0.0014388489208633094,1.0
20,0.0007094324540367706,0.0007094324540367706,6.586762242763757e-05,0.00033243118829885356,0.00032047753,0.0035971223021582736,1.0
100,0.009523765602902294,0.009523765602902294,0.0002683722814884109,0.002250185225269473,0.0007947406,0.023741007194244605,1.0
