,Precision@k,Recall@K,MAP@K,nDCG@k,MRR@k,HitRate@k,Coverage@K,Time_fit,Time_predict
5,0.012117254389783777,0.01074207037675802,0.007845257098631063,0.01062808243048924,0.014562472701072693,0.024379625598606878,0.03230065456709313,29.594470024108887,8.75802206993103
10,0.016880541216631767,0.015821061453164822,0.008300287584680271,0.012485980026974958,0.01619693636894226,0.03656943839791032,0.04751190121987504,29.594470024108887,8.75802206993103
20,0.02511064043420152,0.024619955086466916,0.008773550151820164,0.015021812174972782,0.017494799569249153,0.055724858511101434,0.06832044034513537,29.594470024108887,8.75802206993103
100,0.06473108425645342,0.06462984638213781,0.009734892336315656,0.023800861796519593,0.019027365371584892,0.12712233347845014,0.15919741148467717,29.594470024108887,8.75802206993103
