,Precision@k,Recall@K,MAP@K,nDCG@k,MRR@k,HitRate@k,Coverage@K,Time_fit,Time_predict
5,0.008989986939486286,0.0075880463219038935,0.005260242828810526,0.007517850410197091,0.010288783349096775,0.02002612102742708,0.015917881582862243,18.645089864730835,6.85719108581543
10,0.015195285776478638,0.014160758607208787,0.005988195629757087,0.010074172376637946,0.012497667223215103,0.037004788855028295,0.023486313597143708,18.645089864730835,6.85719108581543
20,0.02161747612257835,0.020918503285989282,0.006373587372556897,0.012119810885928086,0.013730168342590332,0.054854157596865474,0.035536298720618864,18.645089864730835,6.85719108581543
100,0.04939882162292033,0.049213493211832694,0.007043337029316129,0.018376767776907686,0.014843679964542389,0.10666086199390509,0.0873252008330854,18.645089864730835,6.85719108581543
