,Precision@k,Recall@K,MAP@K,nDCG@k,MRR@k,HitRate@k,Coverage@K,Time_fit,Time_predict
5,0.16021505376344086,0.11696315507522406,0.09748414667769506,0.15748779753003597,0.27386268973350525,0.45905707196029777,0.3569482288828338,,
10,0.20825800543542478,0.19636120255387207,0.09360959169762934,0.176143236740444,0.29659155011177063,0.6290322580645161,0.45776566757493187,,
20,0.3255997966377838,0.3237502474632936,0.10763264420348186,0.22364553860128034,0.30716243386268616,0.7766749379652605,0.5776566757493188,,
100,0.7440740079304025,0.7440740079304025,0.14008331771135535,0.3527090618250173,0.3123898208141327,0.9578163771712159,0.9291553133514986,,
