,Precision@k,Recall@K,MAP@K,nDCG@k,MRR@k,HitRate@k,Coverage@K,Time_fit,Time_predict
5,0.15696856906534326,0.11379984856395284,0.09522160187482767,0.15386780757854365,0.26830024,0.4466501240694789,0.3106267029972752,,
10,0.21099393438103115,0.19840490028615537,0.09279518353155065,0.17678410895296504,0.2937916,0.6327543424317618,0.4114441416893733,,
20,0.32191708404141856,0.32019528506352196,0.1053608158555924,0.22107509221991214,0.3034054,0.7704714640198511,0.553133514986376,,
100,0.7462742974578878,0.7462742974578878,0.13864568619705883,0.3520406633024896,0.3089313,0.9590570719602978,0.9209809264305178,,
