,Precision@k,Recall@K,MAP@K,nDCG@k,MRR@k,HitRate@k,Coverage@K,Time_fit,Time_predict
5,0.059045085221034146,0.019748332740762098,0.03562082129765705,0.058550023316489584,0.103978276,0.18293214412405615,0.16816206760340838,12575.533764123917,504.2179899215698
10,0.06353889906441469,0.03549570901944703,0.028611905265286543,0.05891616635943204,0.114567444,0.2630111995135053,0.207493933750917,12575.533764123917,504.2179899215698
20,0.08022213875736635,0.0636614500903328,0.025106049585879024,0.06364088533283037,0.12134267,0.3614503623372016,0.25624964731109984,12575.533764123917,504.2179899215698
100,0.22103981898963734,0.21913385561498308,0.028431352343961675,0.10796185505948051,0.1276849,0.6225358536461765,0.41899441340782123,12575.533764123917,504.2179899215698
