,Precision@k,Recall@K,MAP@K,nDCG@k,MRR@k,HitRate@k,Coverage@K,Time_fit,Time_predict
5,0.005761125160832335,0.004486829905755581,0.0032743614771433218,0.004922797666414622,0.0072396733,0.013276986556635166,0.42257622473449813,,
10,0.007299358360851772,0.006599344703588601,0.0032883407841793463,0.005564972746832452,0.008065042,0.019499534140822575,0.6608941418293937,,
20,0.009843064464903637,0.009533652633189893,0.0034140392969714346,0.006473442773990564,0.00861238,0.027518967123652337,0.8905447070914697,,
100,0.020708405428873068,0.02069278739055024,0.0038522487766992656,0.009677173813612067,0.0091665285,0.05094502861706376,0.9995032545392257,,
