,Precision@k,Recall@K,MAP@K,nDCG@k,MRR@k,HitRate@k,Coverage@K,Time_fit,Time_predict
5,0.0055842095922623005,0.004287541900701355,0.0032334971235044438,0.004821835908903256,0.00705665722489357,0.01281112737920937,0.39549503254539226,,
10,0.0072414692839290196,0.0065149439393404306,0.0032265724765659404,0.0054864470815020475,0.007914495654404163,0.019333155863170505,0.6146625556697499,,
20,0.009710815023980407,0.009385219384471856,0.003365763788840097,0.006375907027154696,0.00840756669640541,0.026553973113270332,0.8537512846865365,,
100,0.021747746395609068,0.02173146888927755,0.0038509261975611603,0.009872783490611112,0.009018827229738235,0.052276054838280316,0.9991606714628297,,
