,Precision@k,Recall@K,MAP@K,nDCG@k,MRR@k,HitRate@k,Coverage@K,Time_fit,Time_predict
5,0.05793911519929917,0.04597253666302236,0.030538436268068334,0.05176272764352915,0.09321287274360657,0.17608409986859397,0.15743064941751947,,
10,0.07480393383809943,0.07104349098002781,0.029434485279973673,0.05772079699212289,0.10471910238265991,0.26294349540078843,0.2220505889167793,,
20,0.09808961725008315,0.09760408198474636,0.030379783509566806,0.06609861729106095,0.11112509667873383,0.3563731931668857,0.3111926369311965,,
100,0.18525457515498017,0.18525457515498017,0.03338757619335989,0.093023706084826,0.11688077449798584,0.5911957950065703,0.6797966145330502,,
