,Precision@k,Recall@K,MAP@K,nDCG@k,MRR@k,HitRate@k,Coverage@K,Time_fit,Time_predict
5,0.05582760804950543,0.0535236134160251,0.02891739349347886,0.04188154067115609,0.053700726479291916,0.10539394825317935,0.05948812543232649,16.797096252441406,2.8834481239318848
10,0.09426282475178835,0.09337417244090168,0.03386137113867674,0.05616405309729632,0.06230790913105011,0.17102762753983336,0.08830989163015909,16.797096252441406,2.8834481239318848
20,0.14820058234008474,0.14780574122792556,0.037978669358779554,0.07237635002923917,0.06810522079467773,0.25522584417482824,0.13142725386211668,16.797096252441406,2.8834481239318848
100,0.35310583160517134,0.353098157288551,0.04408949898861373,0.11779194384182488,0.07442976534366608,0.520245578131852,0.3488586580585658,16.797096252441406,2.8834481239318848
