,Precision@k,Recall@K,MAP@K,nDCG@k,MRR@k,HitRate@k,Coverage@K,Time_fit,Time_predict
5,0.048728256102908936,0.04651984039113126,0.02393030583572902,0.035582474483684054,0.04566340148448944,0.0922379769039614,0.05326262393359465,11.242085456848145,2.5723817348480225
10,0.08748755751386945,0.08667100683001737,0.028891336597116176,0.05011656514338564,0.05472820624709129,0.16137991521707354,0.07701175928060872,11.242085456848145,2.5723817348480225
20,0.1455370710766096,0.1452100112138652,0.03326199093954293,0.06740288941321529,0.06090317294001579,0.25200994006724164,0.11574821305049574,11.242085456848145,2.5723817348480225
100,0.3535864196897821,0.3535800244259318,0.039578121713763806,0.1136370302373505,0.06742648035287857,0.5212688203479023,0.3191145953424026,11.242085456848145,2.5723817348480225
