,Precision@k,Recall@K,MAP@K,nDCG@k,MRR@k,HitRate@k,Coverage@K,Novelty@K,Diversity@k,Time_fit,Time_predict
5,0.01808042726987119,0.017236651899096334,0.008979081579222954,0.013553523737534563,0.01895224630851398,0.03581526861451461,0.31934846989141163,5.192284964209026,0.7673071743344679,463.70375871658325,7.963479280471802
10,0.03163925167930823,0.03128944535848238,0.01045330413556144,0.018680575336073275,0.022933403647352753,0.06691800188501414,0.40325765054294177,5.3399790880788,0.797446640097443,463.70375871658325,7.963479280471802
20,0.052070273571617295,0.05193672051191936,0.0118807234673167,0.025123444888413938,0.025924362545668017,0.11027332704995288,0.5115992102665351,5.520147710088063,0.829364271148794,463.70375871658325,7.963479280471802
100,0.1504067658911175,0.1504067658911175,0.014390880694015484,0.04741010113447311,0.029822130911958126,0.28699340245051835,0.8329220138203356,6.156997766788892,0.9002869181761277,463.70375871658325,7.963479280471802
