,Precision@k,Recall@K,MAP@K,nDCG@k,MRR@k,HitRate@k,Coverage@K,Novelty@K,Diversity@k,Time_fit,Time_predict
5,0.04363022306000629,0.04175440632349733,0.02494646036234161,0.03538082530350401,0.048397737983034865,0.09048067860508954,0.009131293188548864,2.607645942019039,0.6291585324620037,469.21125650405884,10.30295729637146
10,0.0635240414104693,0.06317256973655136,0.027364689666665002,0.0428763159946084,0.053753384797211375,0.13006597549481622,0.013820335636722606,3.0345284250224966,0.6952142450284864,469.21125650405884,10.30295729637146
20,0.09029840508881763,0.09023067511006216,0.02934119870869109,0.051094200410772346,0.05715629866047648,0.18049010367577756,0.023938795656465943,3.4952164708772457,0.7518286003516184,469.21125650405884,10.30295729637146
100,0.253625033300585,0.253625033300585,0.033827552926653334,0.08842619295872212,0.0633065665375819,0.43732327992459946,0.08045409674234946,4.669324987829541,0.8602499693601181,469.21125650405884,10.30295729637146
