,Precision@k,Recall@K,MAP@K,nDCG@k,MRR@k,HitRate@k,Coverage@K,Time_fit,Time_predict
5,0.019883040935672513,0.007164639120493615,0.00987221139267923,0.019338340936425783,0.03956303000450134,0.0813840155945419,0.0667108460349017,,
10,0.023504556143445033,0.014435298114403262,0.007871079447590168,0.020668834783246607,0.04690294340252876,0.1398635477582846,0.09366026065827258,,
20,0.033779321596500635,0.0280932122179566,0.007306412826418378,0.02457733082567808,0.052629806101322174,0.22514619883040934,0.12922465208747516,,
100,0.09738625679745515,0.09653154506349851,0.008867015328739606,0.0472366496261204,0.058926962316036224,0.4956140350877193,0.2799499300493336,,
