,Precision@k,Recall@K,MAP@K,nDCG@k,MRR@k,HitRate@k,Coverage@K,Time_fit,Time_predict
5,0.014057681086938403,0.013914798148645477,0.0076238504070462055,0.010178767738267171,0.011595161,0.02136248347801236,0.2672333434855239,,
10,0.022119475447093064,0.022083569344482804,0.0086417090608721,0.013021795812628668,0.013305311,0.03443718072375237,0.4094563040488782,,
20,0.03386518752773104,0.033859765897597226,0.009450225831638686,0.01636108775661979,0.014627999,0.05397778015932555,0.5836586648946479,,
100,0.08529990631993402,0.08529990631993402,0.010651443869114364,0.02687010455502554,0.016477084,0.13703425856464116,0.9159583206430951,,
