,Precision@k,Recall@K,MAP@K,nDCG@k,MRR@k,HitRate@k,Coverage@K,Time_fit,Time_predict
5,0.014736012608353033,0.013411842337605518,0.007408720777515104,0.012327679633783352,0.020527975633740425,0.03900709219858156,0.21043067417772124,,
10,0.02711546399489662,0.02615757815509913,0.00853879664771959,0.017792680381385387,0.027251489460468292,0.09101654846335698,0.32564055969471195,,
20,0.04459792019049205,0.044351495620460216,0.009676937398276384,0.023731165433333274,0.030634786933660507,0.14184397163120568,0.4915500636016718,,
100,0.12606666506397454,0.12606666506397454,0.01194908203790162,0.04499557346129629,0.03507654368877411,0.33687943262411346,0.9007813919680174,,
