,Precision@k,Recall@K,MAP@K,nDCG@k,MRR@k,HitRate@k,Coverage@K,Time_fit,Time_predict
5,0.012987187335545746,0.011322116157250392,0.0065990770872041615,0.01068499219341358,0.016992087,0.034636079517994654,0.21911203712091473,,
10,0.020846777348694417,0.020313752644027745,0.007228655230605092,0.0137516530438726,0.020273305,0.059702935206366596,0.3191714225322342,,
20,0.0349390970952014,0.034833987189133574,0.008191227070573195,0.018508761755022987,0.022950595,0.09952637174984695,0.4497790661392437,,
100,0.10740087134583054,0.10740087134583054,0.010170187439114207,0.03642086299997884,0.026472978,0.2568547217836775,0.7968515666676732,,
