,Precision@k,Recall@K,MAP@K,nDCG@k,MRR@k,HitRate@k,Coverage@K,Time_fit,Time_predict
5,0.03688999172870141,0.027786116273495906,0.014920044113592502,0.030828272075916034,0.056575686,0.14267990074441686,0.08719346049046321,14.732187032699585,0.43643736839294434
10,0.05414894245539407,0.05095503196041679,0.01564059249975149,0.03937437922474664,0.06979499,0.24441687344913152,0.1226158038147139,14.732187032699585,0.43643736839294434
20,0.09246373081776481,0.09173336617119245,0.018608027930978658,0.05460856406558378,0.079032384,0.3746898263027295,0.19346049046321526,14.732187032699585,0.43643736839294434
100,0.31185419200716363,0.31185419200716363,0.026663713724122306,0.1211794598397959,0.088312835,0.7704714640198511,0.5504087193460491,14.732187032699585,0.43643736839294434
