,Precision@k,Recall@K,MAP@K,nDCG@k,MRR@k,HitRate@k,Coverage@K,Novelty@K,Diversity@k,Time_fit,Time_predict
5,0.06542569902607603,0.061712924631835656,0.03636807519111949,0.050498036837067516,0.06462456801759346,0.117813383600377,0.08835143139190524,4.798415701314721,0.810752884442849,0.1138467788696289,0.0057830810546875
10,0.09517264335831725,0.09375745893692827,0.03968339634523827,0.06164597459315474,0.07247524048890684,0.17766258246936853,0.12833168805528133,4.984019376213405,0.8291166871927309,0.1138467788696289,0.0057830810546875
20,0.15200658601174133,0.15171001045104301,0.04395076957717318,0.07945596175416071,0.07970831315797657,0.2822808671065033,0.18879565646594273,5.2325280951049695,0.8504764491964222,0.1138467788696289,0.0057830810546875
100,0.32855463995985085,0.32855463995985085,0.04955652826813224,0.12043043283039247,0.08574833376525735,0.525918944392083,0.5081441263573544,6.17119899903373,0.9058901694137862,0.1138467788696289,0.0057830810546875
