,Precision@k,Recall@K,MAP@K,nDCG@k,MRR@k,HitRate@k,Coverage@K,Time_fit,Time_predict
5,0.0036432976306394024,0.003347870619048808,0.0021048360921778644,0.003121520596188468,0.005160662345588207,0.008276533592989289,0.08712582136772938,0.5346238613128662,1.7027783393859863
10,0.005329322576158019,0.005268288250561004,0.0022337542070815126,0.0038017133282185448,0.006066173780709505,0.014605647517039922,0.12071063519104405,0.5346238613128662,1.7027783393859863
20,0.011342644533111824,0.011320620143998827,0.0026292967311173712,0.005679232647000994,0.007130492944270372,0.03018500486854917,0.1788756388415673,0.5346238613128662,1.7027783393859863
100,0.036858563456234714,0.036858563456234714,0.0032290601085928016,0.011563463436811739,0.008551576174795628,0.09444985394352483,0.4913604283280604,0.5346238613128662,1.7027783393859863
