,Precision@k,Recall@K,MAP@K,nDCG@k,MRR@k,HitRate@k,Coverage@K,Novelty@K,Diversity@k,Time_fit,Time_predict
5,0.08737040527803958,0.08233058222401536,0.04640512095507383,0.06596402098835755,0.08244580584354382,0.16163996229971725,0.08711747285291215,4.3161864275727195,0.7643010400706318,0.4124758243560791,0.005914211273193359
10,0.13189956315545381,0.1301914979262592,0.051909155863099236,0.08283145246557257,0.09320553386293254,0.24316682375117812,0.11920039486673248,4.491213802955434,0.7856284151220898,0.4124758243560791,0.005914211273193359
20,0.19267631961329199,0.19234661332461528,0.0565295927742653,0.10173530933568621,0.10041603075811997,0.3477851083883129,0.17620927936821323,4.738000926792786,0.8120571721272739,0.4124758243560791,0.005914211273193359
100,0.40713474630382623,0.40713474630382623,0.06392731045628794,0.1520457938513504,0.10688780827167997,0.6036757775683318,0.4795162882527147,5.699272607971646,0.8834327989068557,0.4124758243560791,0.005914211273193359
