,Precision@k,Recall@K,MAP@K,nDCG@k,MRR@k,HitRate@k,Coverage@K,Time_fit,Time_predict
5,2.0394289598912306e-05,8.623511342749956e-06,7.93111262179923e-06,1.8801715499936902e-05,3.9655566e-05,0.00010197144799456152,0.09569657053640328,1.7193529605865479,775.178605556488
10,4.7020167686381145e-05,3.08695500256149e-05,9.667055129325693e-06,3.347454824378443e-05,6.6726556e-05,0.0003059143439836846,0.14532150099599805,1.7193529605865479,775.178605556488
20,8.905284298174287e-05,7.920148004817155e-05,1.0799745102210587e-05,5.006754347056384e-05,9.0288224e-05,0.0006798096532970768,0.2182626563537498,1.7193529605865479,775.178605556488
100,0.0007497296427641887,0.000748822955135979,2.200473491311917e-05,0.00020420948745182888,0.0001480874,0.00336505778382053,0.5044416129784829,1.7193529605865479,775.178605556488
