,Precision@k,Recall@K,MAP@K,nDCG@k,MRR@k,HitRate@k,Coverage@K
5,0.08855421686746988,0.018257806635496195,0.06131277490916045,0.09294521712951781,0.1632358,0.2537005163511188,0.007400194741966894
10,0.0846089118378275,0.02964994104824711,0.04707264952261265,0.08757546007683394,0.17468022,0.34148020654044753,0.010905550146056476
20,0.084288855099164,0.047288338619833455,0.03735562963606876,0.08347104005421765,0.1804791,0.42650602409638555,0.016033755274261603
100,0.14669953229176388,0.14061380358075107,0.03033538643578507,0.10238669868946912,0.18630053,0.6650602409638554,0.04076598506978254
