,Precision@k,Recall@K,MAP@K,nDCG@k,MRR@k,HitRate@k,Coverage@K,Novelty@K,Diversity@k,Time_fit,Time_predict
5,0.051387684301821335,0.005834555576091028,0.031540907776814106,0.05237352743301378,0.09439144261347211,0.16825672159583693,0.57536,3.8774450302059136,0.7317272786930813,819.4996745586395,8.741219282150269
10,0.05197208111345145,0.012001593255844645,0.024485695405655757,0.0518261430708696,0.10510469582455706,0.24978317432784042,0.672,3.9522635425365262,0.7516407780596738,819.4996745586395,8.741219282150269
20,0.055883185906224465,0.02339824526759051,0.01955319261622006,0.05320952477869636,0.11394624414848274,0.3764093668690373,0.76032,4.047760415502652,0.7739763854629198,819.4996745586395,8.741219282150269
100,0.11640353136959518,0.10782458259495956,0.015625224411328804,0.07483272106429734,0.12129520385416036,0.6903729401561145,0.9216,4.301762990718227,0.8266771901171491,819.4996745586395,8.741219282150269
