,Precision@k,Recall@K,MAP@K,nDCG@k,MRR@k,HitRate@k,Coverage@K,Time_fit,Time_predict
5,0.01729287090558767,0.012623118285199639,0.0086873795761079,0.013941152377580287,0.02196532,0.04335260115606936,0.05352941176470588,3.6056337356567383,0.4945366382598877
10,0.02092967244701349,0.017915690315946878,0.008440912010276172,0.01567787166629822,0.025894579,0.07225433526011561,0.08862745098039215,3.6056337356567383,0.4945366382598877
20,0.025720823011285438,0.024403168116474014,0.008349705582423662,0.016893187190936403,0.02712634,0.08959537572254335,0.14294117647058824,3.6056337356567383,0.4945366382598877
100,0.07575298285680304,0.07572840500417914,0.009191370248648694,0.02906128246453289,0.029801529,0.2254335260115607,0.40137254901960784,3.6056337356567383,0.4945366382598877
