,Precision@k,Recall@K,MAP@K,nDCG@k,MRR@k,HitRate@k,Coverage@K,Novelty@K,Diversity@k,Time_fit,Time_predict
5,0.13794073518379596,0.02540395467505628,0.09516483287488539,0.13994597975202203,0.22577519379844965,0.3623405851462866,0.09964830011723329,3.399423921248371,0.6964091989023767,1.6925857067108154,0.008770942687988281
10,0.1324344478976887,0.04438229636799093,0.07590404988577075,0.1338818286912913,0.24132178878052843,0.47936984246061515,0.123094958968347,3.524961715028234,0.7154601470580408,1.6925857067108154,0.008770942687988281
20,0.13229732471894984,0.0728193686906166,0.06083447645895732,0.12892245738896127,0.24872234316250696,0.5847711927981996,0.14920601087072366,3.681277317748975,0.7356316429789491,1.6925857067108154,0.008770942687988281
100,0.2199820173646062,0.21062480028303066,0.04967372926607793,0.15705338971353516,0.253827805286781,0.7854463615903976,0.24182031333262283,4.2084297771629675,0.7944148712780155,1.6925857067108154,0.008770942687988281
