,Precision@k,Recall@K,MAP@K,nDCG@k,MRR@k,HitRate@k,Coverage@K,Time_fit,Time_predict
5,0.013905325443786982,0.0036787148646529023,0.006358974358974359,0.013114847571808894,0.026765288785099983,0.05917159763313609,0.09921142369991474,2.7467458248138428,2.031604051589966
10,0.014508312200619893,0.00573590798388435,0.0046939904824520205,0.013563955651245678,0.03287405148148537,0.10532544378698225,0.11881926683716965,2.7467458248138428,2.031604051589966
20,0.01826070181063128,0.01135245248490843,0.003943350404617003,0.015212883402146032,0.037376731634140015,0.17100591715976332,0.1483375959079284,2.7467458248138428,2.031604051589966
100,0.051035736250052754,0.04960992926029939,0.003909633130711035,0.027554064357396175,0.043631650507450104,0.44792899408284026,0.25554134697357206,2.7467458248138428,2.031604051589966
