,Precision@k,Recall@K,MAP@K,nDCG@k,MRR@k,HitRate@k,Coverage@K
5,0.0030995411928984636,0.002711636563660247,0.0016134516922667733,0.0026456816110894082,0.0044975067,0.008617594254937163,0.0001341213708992391
10,0.0043803539369068984,0.004217793248777841,0.0016725205433371344,0.0031192348699635914,0.005125312,0.013524835427887492,0.00018776991925893472
20,0.008675258850854005,0.008612344006973983,0.0019473308878448308,0.004541235781652895,0.0060047098,0.026618791143028127,0.00029506701597832596
100,0.026209383375102493,0.026208232547779216,0.002363310960339329,0.008768039894802166,0.0069813957,0.07195691202872531,0.001171326639186688
