,Precision@k,Recall@K,MAP@K,nDCG@k,MRR@k,HitRate@k,Coverage@K,Time_fit,Time_predict
5,0.10420312231943729,0.08711145171998964,0.06819308629267457,0.10016362721883416,0.1711442768573761,0.2527020072053526,0.03697284806470248,7.830010652542114,1.7765073776245117
10,0.127560473494596,0.12244903561394438,0.0645579210315872,0.10470993739486337,0.1794428825378418,0.3154915079773546,0.05706399640541755,7.830010652542114,1.7765073776245117
20,0.1681562842864268,0.16697649925579283,0.06624510140807409,0.11713017064680786,0.1845799833536148,0.38908903757076685,0.09191860838307979,7.830010652542114,1.7765073776245117
100,0.31403827963903364,0.3139044527183229,0.07100766866051415,0.15247143681084863,0.1888996660709381,0.5697375193000515,0.2586815585082483,7.830010652542114,1.7765073776245117
