,Precision@k,Recall@K,MAP@K,nDCG@k,MRR@k,HitRate@k,Coverage@K,Novelty@K,Diversity@k,Time_fit,Time_predict
5,0.10225164572112508,0.08009786075743426,0.06763402653101935,0.10146264811976963,0.18227109515260323,0.2643626570915619,0.02612491174016304,5.90145,0.8383791558201115,6.759612083435059,3.956059455871582
10,0.1127926320139067,0.10360784455049185,0.060616314249617664,0.10079105947727245,0.19013671596705708,0.3231597845601436,0.042878233519481355,6.2469997,0.8622124321214268,6.759612083435059,3.956059455871582
20,0.13940815916810298,0.13671008890797987,0.05946867179972396,0.10714758840517913,0.1946569871880338,0.3882405745062837,0.07169908209769561,6.633854,0.8927367646734574,6.759612083435059,3.956059455871582
100,0.2565963021961365,0.25638501820119003,0.06294913494899508,0.13691092273520253,0.1983538859237398,0.5466786355475763,0.22806341870466654,7.6754417,0.9463931566006583,6.759612083435059,3.956059455871582
