,Precision@k,Recall@K,MAP@K,nDCG@k,MRR@k,HitRate@k,Coverage@K,Time_fit,Time_predict
5,0.12685709384113913,0.10702262395654481,0.08239349230857207,0.11942767690853578,0.19508491456508636,0.2907874420998456,0.055074138263046406,12.625234842300415,1.818199634552002
10,0.14682478412535027,0.14084942786804408,0.0773113015959896,0.1225366903913339,0.20335902273654938,0.35254760679361813,0.08460106553694076,12.625234842300415,1.818199634552002
20,0.1871576661954401,0.18589861056780083,0.07845268161178735,0.13428066627789054,0.2083173543214798,0.4240864642305713,0.13312792862186276,12.625234842300415,1.818199634552002
100,0.33364538134893507,0.3334733181651642,0.08358205606402586,0.17020666441414015,0.21209868788719177,0.5908389089037571,0.3629244495795622,12.625234842300415,1.818199634552002
