,Precision@k,Recall@K,MAP@K,nDCG@k,MRR@k,HitRate@k,Coverage@K
5,7.144643303683063e-05,7.144643303683063e-05,4.4654020648019146e-05,5.1108368451877006e-05,4.465402e-05,7.144643303683063e-05,0.9414262366439172
10,0.00010716964955524595,0.00010716964955524595,4.8623266927843075e-05,6.186212816551904e-05,4.8623268e-05,0.00010716964955524595,0.9965670452772234
20,0.0001466352982803524,0.0001466352982803524,5.1507341017688534e-05,7.644743223587431e-05,5.8212936e-05,0.00025006251562890725,1.0
100,0.0009422433363710036,0.0009422433363710036,6.709104830796266e-05,0.00023918922255660458,9.241873e-05,0.0018576072589575965,1.0
