,Precision@k,Recall@K,MAP@K,nDCG@k,MRR@k,HitRate@k,Coverage@K,Time_fit,Time_predict
5,0.0850875994153712,0.02078824603439415,0.059603135736385544,0.09001131625492756,0.15830761194229126,0.24382438357724504,0.19188983078946495,7.048191785812378,775.0791163444519
10,0.07754294554220527,0.03309285846725975,0.04432901926860164,0.08187689975285385,0.16849230229854584,0.32066511018734695,0.26182871163474397,7.048191785812378,775.0791163444519
20,0.07639512052926913,0.050691521575229014,0.034371691355799774,0.07651274468090326,0.17435182631015778,0.40540971470872955,0.35009228660794217,7.048191785812378,775.0791163444519
100,0.12518418985737403,0.12274297581000097,0.028879655195297088,0.08951911536727637,0.17935526371002197,0.6087922100108194,0.6218901623581162,7.048191785812378,775.0791163444519
