,Precision@k,Recall@K,MAP@K,nDCG@k,MRR@k,HitRate@k,Coverage@K,Time_fit,Time_predict
5,0.0189521971230713,0.006022914326880423,0.011564792575230935,0.02053284966482419,0.04337102174758911,0.07336240738993825,0.11429814419718948,5.066237449645996,2447.8451550006866
10,0.01715847629920731,0.009478704543240322,0.007900084446337734,0.01838965954591917,0.047675371170043945,0.10603081075981975,0.15950726468730259,5.066237449645996,2447.8451550006866
20,0.0182411518055175,0.014767838368998979,0.006089895881980655,0.017758877397811568,0.05075736716389656,0.15078115362567032,0.21977019988319288,5.066237449645996,2447.8451550006866
100,0.03978393542968764,0.03966985585733956,0.005964768716820579,0.02523787957252788,0.05420404672622681,0.2985799185829663,0.4222815528194615,5.066237449645996,2447.8451550006866
