,Precision@k,Recall@K,MAP@K,nDCG@k,MRR@k,HitRate@k,Coverage@K
5,0.0007566727131381187,0.0006435235602708856,0.0003172957876248884,0.0005760353022949704,0.0009406582,0.0021767297227260948,1.0
10,0.0013732482714084164,0.001314086153752854,0.0003640258599768835,0.0008211259845006649,0.0012317733,0.0045607670380927706,1.0
20,0.0027157084129165797,0.0027007025374001675,0.0004457913185984842,0.0012657980509158714,0.0015528682,0.009380668566986265,1.0
100,0.010970286059642476,0.010969528589592445,0.0006146421475069123,0.0033760154096041,0.00224748,0.04369007514900233,1.0
