,Precision@k,Recall@K,MAP@K,nDCG@k,MRR@k,HitRate@k,Coverage@k,Diversity@k,Novelty@k
0,0.017805755395683454,0.017584789311408017,0.011717625899280576,0.014847170703920196,0.018285373225808144,0.02805755395683453,0.20816815019821977,,26.762189779747374
1,0.029910928400137034,0.02989893799246317,0.013773723878040423,0.019352728839686133,0.02023010328412056,0.04316546762589928,0.2327025207569751,,33.70207720043326
2,0.04834361082562521,0.04834361082562521,0.015980323765735775,0.025495716451666213,0.021687345579266548,0.06330935251798561,0.23823771411474307,,45.18833399185452
3,0.11522096608427543,0.11522096608427543,0.01803436530406188,0.040150588077198235,0.023493612185120583,0.14676258992805755,0.24040691151170618,,145.60591667793682
