,Precision@k,Recall@K,MAP@K,nDCG@k,MRR@k,HitRate@k,Coverage@K,Time_fit,Time_predict
5,0.14201376936316693,0.028710207785022496,0.0996392235609103,0.14756528223584525,0.24697647988796234,0.3838209982788296,0.07599966884675884,,
10,0.1332053383602437,0.04898466611885627,0.07597933701114794,0.13751155104143858,0.2616347074508667,0.4925989672977625,0.10141568010596903,,
20,0.13773255315698418,0.08193735544823308,0.06111103470038739,0.13337765958373538,0.2693908214569092,0.6030981067125646,0.1352760990148191,,
100,0.2655226600825053,0.2572812803959553,0.05278850940373384,0.1734078266214041,0.2753268778324127,0.8344234079173838,0.2749399784750393,,
