,Precision@k,Recall@K,MAP@K,nDCG@k,MRR@k,HitRate@k,Coverage@K,Time_fit,Time_predict
5,0.018907316230456942,0.014588688602023947,0.009431415738101408,0.016465005200572244,0.02948259562253952,0.05825343353200311,0.05922218746741737,87.4867250919342,10.627889156341553
10,0.02698503189822184,0.02514412892880146,0.009476955401184784,0.019651200013614922,0.0342324897646904,0.09473956983674527,0.08111771452403295,87.4867250919342,10.627889156341553
20,0.04358014516630097,0.043070117503794206,0.010376020543709575,0.025366061521518813,0.037929780781269073,0.14848406322881574,0.10926910645396726,87.4867250919342,10.627889156341553
100,0.1351194842624568,0.13511269766415837,0.012896132003575186,0.04886263076455591,0.04248039424419403,0.34869137082145635,0.2517985611510791,87.4867250919342,10.627889156341553
