,Precision@k,Recall@K,MAP@K,nDCG@k,MRR@k,HitRate@k,Coverage@K,Time_fit,Time_predict
5,0.01673231407100285,0.012634648330590052,0.008623693530275546,0.015052422863699169,0.027545996010303497,0.05389997408655092,0.037118131581691166,56.730072259902954,8.692999124526978
10,0.025032947099544664,0.02330424907443055,0.008660280036308862,0.018202522181387768,0.03227783367037773,0.0901788027986525,0.05202794286310082,56.730072259902954,8.692999124526978
20,0.04040926599489791,0.039942641635780964,0.009459284879848963,0.023448641339009636,0.03567352518439293,0.13993262503239182,0.07548743613804608,56.730072259902954,8.692999124526978
100,0.12058374308816468,0.12057921358394041,0.011642481363165884,0.04414668496928173,0.039823491126298904,0.3221041720653019,0.1843394849337921,56.730072259902954,8.692999124526978
