,Precision@k,Recall@K,MAP@K,nDCG@k,MRR@k,HitRate@k,Coverage@K,Time_fit,Time_predict
5,0.03557538818749093,0.032732778343828026,0.021400981957142164,0.029414135679594545,0.038804237,0.06486721811057902,0.11795646916565901,,
10,0.050447616283489156,0.04885056844251153,0.023150584311829828,0.03496607720467536,0.042529076,0.09316499782324772,0.20114873035066505,,
20,0.06968730562528369,0.06876725685346054,0.02458245819258567,0.04092520435160561,0.044859976,0.12712233347845014,0.3301894397420395,,
100,0.12247085481213714,0.12221653990084767,0.02613563968716571,0.05305140852801285,0.046757095,0.20766216804527646,0.7504635227730754,,
