,Precision@k,Recall@K,MAP@K,nDCG@k,MRR@k,HitRate@k,Coverage@k,Diversity@k,Novelty@k
0,0.0014119601328903657,0.0007197907100019107,0.0007862679955703212,0.0014335656250067754,0.0029761905316263437,0.0049833887043189366,0.1173413335586918,0.9580406365964422,74.46669716665859
1,0.0031561461794019936,0.0025065454436034662,0.0009024811474977588,0.0021292133139817295,0.004005827475339174,0.012458471760797342,0.15651145102678948,0.964482645104495,115.42931562515666
2,0.00472873034127187,0.004139770389012562,0.0009619904873214275,0.002740523115548587,0.0046511623077094555,0.02159468438538206,0.20003380376912025,0.9705094651981644,194.2005026811715
3,0.017321459830850983,0.017235012987246175,0.0011872044377390853,0.006109687676106357,0.006116717588156462,0.08554817275747509,0.2837403870531564,0.982295585545181,830.7775714877749
