,Precision@k,Recall@K,MAP@K,nDCG@k,MRR@k,HitRate@k,Coverage@K,Time_fit,Time_predict
5,0.025055655296229804,0.02163920841090802,0.013120526630760021,0.020637990375369047,0.03194933012127876,0.061807301017354876,0.11698959662760568,,
10,0.037549276642633904,0.03603153421511393,0.014030672699959695,0.02535225866488009,0.03665784373879433,0.09764213046080192,0.17053409134857098,,
20,0.05950836755802822,0.05902022103711917,0.015407883721481828,0.032267557594181276,0.040075190365314484,0.1480789946140036,0.2442278686622578,,
100,0.16852470869905575,0.1685164492840086,0.018512267393185643,0.05814160513824357,0.04421285167336464,0.32694195092758827,0.5066906446996945,,
