,Precision@k,Recall@K,MAP@K,nDCG@k,MRR@k,HitRate@k,Coverage@K,Time_fit,Time_predict
5,0.1209765958658391,0.03182976336716494,0.08448576707223708,0.1244924169238675,0.20537783205509186,0.3205739992027789,0.510346126990812,,
10,0.1147625329576813,0.05170516567754707,0.06612382527497392,0.11701938434065388,0.21825338900089264,0.4171288650987985,0.6555354827268999,,
20,0.11880526598958,0.08140251350745159,0.054340728210246235,0.11370882746624275,0.22523413598537445,0.5175901144581744,0.7936094517162269,,
100,0.20423529442758778,0.20074048972035075,0.04973239661453884,0.14080828567810966,0.2305663824081421,0.7284892659871306,0.9696986489631707,,
