,Precision@k,Recall@K,MAP@K,nDCG@k,MRR@k,HitRate@k,Coverage@K,Time_fit,Time_predict
5,0.020858598946186406,0.016360720098096825,0.010631798681293369,0.018203463005512822,0.031837266,0.06265871987561544,0.17843271647246972,,
10,0.030399457874192258,0.028565822064130553,0.01073212274794075,0.021935881448460058,0.03739652,0.10474216118165328,0.258167694768106,,
20,0.04903991668835743,0.04855300001400585,0.011751177238370351,0.028207908431016337,0.041245367,0.16159626846333247,0.3561800319853781,,
100,0.1426774349688032,0.14267071211240906,0.0144201401186741,0.052429925588948025,0.045831174,0.3617517491578129,0.6746630111948824,,
