,Precision@k,Recall@K,MAP@K,nDCG@k,MRR@k,HitRate@k,Coverage@K,Time_fit,Time_predict
5,0.022401657366354886,0.007437548045819776,0.012538356227338805,0.02297073570428719,0.04682229086756706,0.08659086126450377,0.49710171747864346,,
10,0.022003864446847123,0.012568075605809213,0.009005582288443118,0.021905344780040345,0.053038183599710464,0.13380838697037203,0.636858034898784,,
20,0.025361048391667484,0.021034720924418115,0.007289392828418803,0.022450152598816834,0.05746607854962349,0.19839052601789434,0.7736772668389916,,
100,0.06220174263151499,0.06205825948354924,0.007741169491654074,0.03574500341739386,0.062367476522922516,0.4073754254076294,0.9675308782004979,,
