,Precision@k,Recall@K,MAP@K,nDCG@k,MRR@k,HitRate@k,Coverage@K,Time_fit,Time_predict
5,0.021875269931761254,0.017325122752080122,0.011092208689643257,0.018893345990225265,0.03301459923386574,0.06431718061674009,0.25405528901073793,,
10,0.03145931794156723,0.029613654167473972,0.011183945702608012,0.022609954113468278,0.038399145007133484,0.10541591085773516,0.35023989033584646,,
20,0.04918912160275882,0.048703812580909486,0.012135567871727015,0.02859024757409957,0.04214535653591156,0.16009328841668827,0.4692711903129998,,
100,0.1423944958051153,0.14238777294872118,0.014791327288069525,0.052755139659664295,0.0468011237680912,0.3624254988338948,0.7663925062828422,,
