,Precision@k,Recall@K,MAP@K,nDCG@k,MRR@k,HitRate@k,Coverage@K,Time_fit,Time_predict
5,0.07178675754625122,0.0678951266719055,0.038897408849940494,0.05574197698020096,0.07409931719303131,0.13972736124634857,0.057945344129554655,,
10,0.10626632509543901,0.10475704516068599,0.043051572413198395,0.06883421537633272,0.08319191634654999,0.2088607594936709,0.07186234817813765,,
20,0.15386159933102245,0.15352342000804958,0.04669293378636683,0.08370707836753734,0.08917061239480972,0.29600778967867575,0.08982793522267206,,
100,0.3088968220848007,0.3088968220848007,0.05186709275877399,0.1201993238383217,0.09413036704063416,0.49513145082765336,0.15232793522267207,,
