,Precision@k,Recall@K,MAP@K,nDCG@k,MRR@k,HitRate@k,Coverage@K,Novelty@K,Diversity@k,Time_fit,Time_predict
5,0.10494030788564247,0.10009763751355734,0.05688737040527804,0.07900110494016066,0.09686616399622998,0.18096135721017909,0.2240868706811451,6.629582818236056,0.7673141177600048,0.11169648170471191,0.10969924926757812
10,0.16399361189653366,0.16239354944882142,0.06375279699183754,0.10074670663840861,0.11119526352796853,0.292177191328935,0.34402764067127345,6.836919421066622,0.7999979591380209,0.11169648170471191,0.10969924926757812
20,0.23139662226564736,0.23104312443537484,0.0692676298884866,0.12173896057908826,0.11842773324449879,0.3977379830348728,0.5024679170779862,7.093119498672271,0.8329160354399534,0.11169648170471191,0.10969924926757812
100,0.4542372068429089,0.4542372068429089,0.07722182849414275,0.17444295735714324,0.1252310717910465,0.6597549481621112,0.9180651530108588,7.742722166396455,0.903804688367962,0.11169648170471191,0.10969924926757812
