,Precision@k,Recall@K,MAP@K,nDCG@k,MRR@k,HitRate@k,Coverage@K,Time_fit,Time_predict
5,0.10724602401817591,0.10271993165129248,0.057949664611057015,0.07982489360631603,0.09568322449922562,0.1815968841285297,0.2548076923076923,,
10,0.1585307800497674,0.15708683583524718,0.06429902061080482,0.09911079260038631,0.10845890641212463,0.2779941577409932,0.38360323886639675,,
20,0.23804821026573267,0.23774267609138192,0.07054773505603937,0.12316213282000367,0.1168692484498024,0.4006815968841285,0.5579453441295547,,
100,0.45666572793750426,0.45666572793750426,0.07829233848591022,0.1748470777872115,0.12353219091892242,0.6592015579357352,0.9468623481781376,,
