,Precision@k,Recall@K,MAP@K,nDCG@k,MRR@k,HitRate@k,Coverage@K,Novelty@K,Diversity@k,Time_fit,Time_predict
5,0.07043669494187872,0.06621375087101793,0.03930594826683423,0.056139034011656756,0.07650801131008483,0.14043355325164938,0.05651530108588351,5.9130643166236085,0.7059638510287937,0.10642576217651367,0.0515904426574707
10,0.10416872372574541,0.1025902711800806,0.04315646254050893,0.06887215375933617,0.08554915997187439,0.20970782280867106,0.07132280355380059,6.274663260179896,0.7478623989916482,0.10642576217651367,0.0515904426574707
20,0.1489046107671419,0.14854948063330206,0.04660520751682062,0.08291677079083141,0.09116724022597329,0.292177191328935,0.09032576505429418,6.659350193679384,0.7867328122508697,0.10642576217651367,0.0515904426574707
100,0.29923072440427123,0.29923072440427123,0.05161047455356519,0.11829502148247276,0.09590402902286765,0.4849198868991517,0.15153010858835142,7.509529991876076,0.8727705466481446,0.10642576217651367,0.0515904426574707
