,Precision@k,Recall@K,MAP@K,nDCG@k,MRR@k,HitRate@k,Coverage@K,Time_fit,Time_predict
5,0.007418111753371868,0.0049531533829977464,0.005109184328837508,0.008646731155857635,0.019605009,0.028901734104046242,0.13658536585365855,,
10,0.012042389210019268,0.011074127784318969,0.004639187081383613,0.009433251443552998,0.021490503,0.04335260115606936,0.2188759278897137,,
20,0.018979775843937695,0.018154747076683585,0.004719595202497673,0.012059082427012329,0.024348479,0.08670520231213873,0.3423117709437964,,
100,0.0640100272583904,0.06398544940576649,0.005937693865298769,0.02410206015566727,0.027288185,0.21676300578034682,0.7997879109225875,,
