,Precision@k,Recall@K,MAP@K,nDCG@k,MRR@k,HitRate@k,Coverage@K,Time_fit,Time_predict
5,0.004720616570327553,0.0031913550707424027,0.0016570327552986514,0.0034819457820003505,0.005587668623775244,0.014450867052023121,0.06744432661717921,,
10,0.004748142031379026,0.004085932554915262,0.0014708863635370657,0.0035566327262101117,0.006321681197732687,0.02023121387283237,0.10922587486744433,,
20,0.011098495274795853,0.010367219886563148,0.0018144161098276879,0.006007141679326343,0.0085159195587039,0.05202312138728324,0.16500530222693532,,
100,0.05329208097495559,0.053261358659175695,0.0027174732501888997,0.01679066667865166,0.011531775817275047,0.2023121387283237,0.39660657476139977,,
