,Precision@k,Recall@K,MAP@K,nDCG@k,MRR@k,HitRate@k,Coverage@K,Time_fit,Time_predict
5,0.013179390512095508,0.012147657732771709,0.006469263797256257,0.009723751504842122,0.012943764217197895,0.026861451460885956,0.03627838104639684,9.203131437301636,6.855156660079956
10,0.021683085738222405,0.02118230731919058,0.007411483233988957,0.013070813025144717,0.016080591827630997,0.04995287464655985,0.0384995064165844,9.203131437301636,6.855156660079956
20,0.03860405273471033,0.03839886271479013,0.008534793085311968,0.01828813497470359,0.018659938126802444,0.0885956644674835,0.03923988153998026,9.203131437301636,6.855156660079956
100,0.20307127184182036,0.20307127184182036,0.012340908341927808,0.05539715195737318,0.02410471998155117,0.36286522148916117,0.03923988153998026,9.203131437301636,6.855156660079956
