,Precision@k,Recall@K,MAP@K,nDCG@k,MRR@k,HitRate@k,Coverage@K,Time_fit,Time_predict
5,0.006409048067860509,0.0056880341241397885,0.00352366739972772,0.00526614574983977,0.007744267117232084,0.016022620169651274,0.6609081934846989,8.044298648834229,8.268277406692505
10,0.013283552503627902,0.012833264745882573,0.0042591087644608585,0.007886197201697722,0.01006313320249319,0.034872761545711596,0.8072556762092794,8.044298648834229,8.268277406692505
20,0.032847304777427214,0.032668796371056796,0.005452714891662261,0.013666694287311402,0.012944466434419155,0.07917059377945335,0.9114017769002961,8.044298648834229,8.268277406692505
100,0.4579509206017175,0.4579509206017175,0.013649142542428987,0.10033839663783056,0.02266715094447136,0.6621112158341188,0.9777887462981244,8.044298648834229,8.268277406692505
