,Precision@k,Recall@K,MAP@K,nDCG@k,MRR@k,HitRate@k,Coverage@k,Diversity@k,Novelty@k
0,0.18740703177822854,0.032497269430607295,0.1296520734730674,0.1931403569241602,0.315956711769104,0.48073022312373226,0.73312,0.8180949170661845,101.22908810782292
1,0.183883898386941,0.054690326235954455,0.10558687363834422,0.18763109115510873,0.33303388953208923,0.6075050709939148,0.88576,0.8295244218744088,148.66436543112343
2,0.18801310968285612,0.09432095036137428,0.08846428543512408,0.18408266330772433,0.3405759930610657,0.7119675456389453,0.93216,0.8392449377231463,209.81734281205902
3,0.30215554626775415,0.28585218457706163,0.07492203055337342,0.22018153840708302,0.3450951874256134,0.8884381338742393,0.94528,0.86554857343158,494.01479254422406
