,Precision@k,Recall@K,MAP@K,nDCG@k,MRR@k,HitRate@k,Coverage@K,Novelty@K,Diversity@k,Time_fit,Time_predict
5,0.18337669846776525,0.032656289557809914,0.12584754746073046,0.18940436559098642,0.31394911824226657,0.48829141370338247,0.08704,4.0515731039215,0.5887097592895622,0.8309581279754639,0.10395598411560059
10,0.18195700656672037,0.0578710328062016,0.1005490701789694,0.18374104222114518,0.3316768540315808,0.6218560277536861,0.12096,4.1336880671843454,0.6191931250428163,0.8309581279754639,0.10395598411560059
20,0.18934666870197817,0.10053093440983611,0.0835322162062305,0.1813361700068452,0.33915655275286494,0.7285342584562012,0.16992,4.238009990358975,0.6566667450564659,0.8309581279754639,0.10395598411560059
100,0.31584755484741034,0.2994262903779593,0.0739538290063262,0.22383993575567296,0.3438261187014566,0.9071986123156982,0.35712,4.560997554315372,0.745354602537073,0.8309581279754639,0.10395598411560059
