,Precision@k,Recall@K,MAP@K,nDCG@k,MRR@k,HitRate@k,Coverage@K,Novelty@K,Diversity@k,Time_fit,Time_predict
5,0.19073431627638046,0.03353013269870242,0.13224318203719765,0.19603445397167754,0.31811217114773055,0.48482220294882916,0.05344,3.8590580925313236,0.5432750974704508,0.8698365688323975,0.08531379699707031
10,0.1876450666997068,0.056568070557639426,0.10758561650383708,0.1905504950172923,0.3358461019562494,0.6149176062445794,0.07648,3.986603292557965,0.5763301003157459,0.8698365688323975,0.08531379699707031
20,0.19509034747032805,0.09946013904432516,0.09048541594617346,0.1883533980401356,0.3438598536533255,0.7259323503902863,0.1088,4.084350994085077,0.6158303184639834,0.8698365688323975,0.08531379699707031
100,0.310163261668283,0.2928343070172588,0.07689799751811474,0.22479142875323438,0.34830621635819103,0.8993928881179531,0.25216,4.4155089074916285,0.7183125149496157,0.8698365688323975,0.08531379699707031
