,Precision@k,Recall@K,MAP@K,nDCG@k,MRR@k,HitRate@k,Coverage@K,Time_fit,Time_predict
5,0.00016305071209902835,0.00014853618806766683,7.320644216691067e-05,0.00013052190970235571,0.0002201739262090996,0.0004658591774257953,0.00042822884549503255,,
10,0.0002604216184011206,0.00025668206854151214,8.263454456719462e-05,0.00015923769152443603,0.00023633637465536594,0.0005989617995474511,0.0005481329222336417,,
20,0.00040680929390499463,0.0004020877000132312,9.00279535902454e-05,0.0002057402539869062,0.00026738664018921554,0.0011313722880340743,0.0008393285371702638,,
100,0.0019444148375226424,0.00194397942649639,0.00011943174164669984,0.0005114496242973478,0.0003396666143089533,0.004691867429788367,0.0020726276121959576,,
