,Precision@k,Recall@K,MAP@K,nDCG@k,MRR@k,HitRate@k,Coverage@K,Time_fit,Time_predict
5,0.0817859673990078,0.007232108852606149,0.0419536971415072,0.07767876507694482,0.14044412970542908,0.30049610205527993,0.4373871161950632,173.64669704437256,0.3732726573944092
10,0.09128277817150958,0.016083189587487015,0.03435037067035649,0.085850273145146,0.16595540940761566,0.4911410347271439,0.5632149307645996,173.64669704437256,0.3732726573944092
20,0.10046460351208757,0.03562215445355029,0.02862089701406447,0.09403754484754766,0.1799536645412445,0.6945428773919207,0.6745936183022275,173.64669704437256,0.3732726573944092
100,0.24702969767561794,0.24519503689552605,0.04930856454897219,0.19019319314937208,0.186582550406456,0.927710843373494,0.8196869355809753,173.64669704437256,0.3732726573944092
