,Precision@k,Recall@K,MAP@K,nDCG@k,MRR@k,HitRate@k,Coverage@K,Time_fit,Time_predict
5,0.1034727143869596,0.008471764685810432,0.05661705646113867,0.10386148190431459,0.19933852553367615,0.37632884479092843,0.4945815773630343,83.93568205833435,0.15550661087036133
10,0.11275690999291284,0.01836509656332897,0.045559661615650275,0.11020740408825935,0.22537292540073395,0.5719347980155918,0.5945213726670681,83.93568205833435,0.15550661087036133
20,0.11570694542877392,0.037815373755224216,0.0372029699525089,0.11319683112038757,0.23706384003162384,0.7406094968107725,0.6815171583383504,83.93568205833435,0.15550661087036133
100,0.24365856939516278,0.2412750096207541,0.052022695670946056,0.19412140739773667,0.2429443895816803,0.9532246633593197,0.8380493678506924,83.93568205833435,0.15550661087036133
