,Precision@k,Recall@K,MAP@K,nDCG@k,MRR@k,HitRate@k,Coverage@K,Time_fit,Time_predict
5,0.008574181117533719,0.005516109404594837,0.004609826589595376,0.008743350605033017,0.019653180614113808,0.03468208092485549,0.05392156862745098,1.7117831707000732,0.07805514335632324
10,0.016714836223506745,0.01455392749675582,0.004770869651649998,0.012071048503228465,0.0248210858553648,0.07514450867052024,0.08823529411764706,1.7117831707000732,0.07805514335632324
20,0.03968264394564972,0.038284196746385696,0.006096981927660715,0.01869966043880807,0.02878950722515583,0.13005780346820808,0.1396078431372549,1.7117831707000732,0.07805514335632324
100,0.11615031632884812,0.11608887169728832,0.00843481304999421,0.03903145931853213,0.03254326432943344,0.2861271676300578,0.38784313725490194,1.7117831707000732,0.07805514335632324
