,Precision@k,Recall@K,MAP@K,nDCG@k,MRR@k,HitRate@k,Coverage@K,Time_fit,Time_predict
5,0.009633911368015415,0.006604746846644016,0.005703275529865125,0.010034647101040252,0.02273603156208992,0.03468208092485549,0.005294117647058823,0.5631458759307861,0.019599437713623047
10,0.017428204422424074,0.015735013207460256,0.0059235939076979546,0.01264945218709788,0.02595880627632141,0.06069364161849711,0.007058823529411765,0.5631458759307861,0.019599437713623047
20,0.03361145517937426,0.03309020214385224,0.006835338186983994,0.017650388826618815,0.02877538651227951,0.10115606936416185,0.014901960784313726,0.5631458759307861,0.019599437713623047
100,0.09318007233253565,0.09312477216413186,0.008686473761816855,0.033279830070404685,0.03222588077187538,0.24277456647398843,0.06,0.5631458759307861,0.019599437713623047
