,Precision@k,Recall@K,MAP@K,nDCG@k,MRR@k,HitRate@k,Coverage@K,Time_fit,Time_predict
5,0.1661290322580645,0.12010036524794217,0.09719120485249517,0.1584054415978199,0.27208438515663147,0.47270471464019853,0.16893732970027248,,
10,0.22171068179132697,0.2095864723972504,0.09412665687771292,0.18125980311483245,0.29627594351768494,0.6550868486352357,0.21798365122615804,,
20,0.3315058114506812,0.3298015980430846,0.1070174494706318,0.2257887841134149,0.30497482419013977,0.7791563275434243,0.3079019073569482,,
100,0.758978032956884,0.758978032956884,0.14115037805442948,0.3581814056655916,0.31038108468055725,0.9602977667493796,0.7002724795640327,,
