,Precision@k,Recall@K,MAP@K,nDCG@k,MRR@k,HitRate@k,Coverage@K,Time_fit,Time_predict
5,0.01865476708750544,0.01772583131128491,0.01059062545349006,0.01509710890864994,0.020737194,0.03569873748367436,0.1688671526331449,1.125706672668457,15.337904214859009
10,0.02764043507404413,0.02731998462059094,0.01164574757812314,0.018455242904153107,0.023088433,0.05354810622551154,0.20263686402856293,1.125706672668457,15.337904214859009
20,0.04291550038405204,0.04279102592567207,0.01287067604224532,0.023117758367317973,0.02478987,0.07792773182411841,0.22716453436477238,1.125706672668457,15.337904214859009
100,0.08352839097696266,0.08348378098749465,0.01412259139746582,0.03246902589395242,0.026392544,0.14888985633434915,0.2627566200535555,1.125706672668457,15.337904214859009
