,Precision@k,Recall@K,MAP@K,nDCG@k,MRR@k,HitRate@k,Coverage@K,Time_fit,Time_predict
5,0.07018768768768768,0.015964891963243702,0.04083983983983984,0.06831138647912363,0.11914414167404175,0.22162162162162163,0.026908886750080206,,
10,0.06993118118118119,0.026976865774263704,0.03159526341818008,0.06679691016821648,0.1321096122264862,0.31891891891891894,0.0396214308630093,,
20,0.07987514947654267,0.04907634691525079,0.02608195845595959,0.06856588378866563,0.13960370421409607,0.4261261261261261,0.056985883862688484,,
100,0.1629765637650285,0.15800078526570485,0.02311764171539902,0.09418689265445934,0.1458589881658554,0.6765765765765765,0.12215271094000642,,
