,Precision@k,Recall@K,MAP@K,nDCG@k,MRR@k,HitRate@k,Coverage@K,Novelty@K,Diversity@k,Time_fit,Time_predict
5,0.002011173184357542,0.00017674325210606263,0.0009708255741775294,0.0020792139142553068,0.004854127870887648,0.01005586592178771,0.3952715182859254,10.970631058302436,0.9791351112198424,0.1788623332977295,1.9466123580932617
10,0.0015683840264845853,0.00026320376717681854,0.0005671721202447459,0.0017458413488071125,0.00550619254529869,0.0148975791433892,0.6414850387883265,10.984562140994864,0.9790957690929619,0.1788623332977295,1.9466123580932617
20,0.001621682683135197,0.0005889464409139851,0.0003474229993549571,0.001681354702354978,0.006351082803423811,0.027560521415270017,0.8929811599556705,11.030080601492905,0.9789808593069903,0.1788623332977295,1.9466123580932617
100,0.0034855921384291957,0.0031060713270213715,0.00019033451071008833,0.002288792617103359,0.00814234996163462,0.10912476722532588,1.0522349464351681,10.99560969472502,0.978839771598569,0.1788623332977295,1.9466123580932617
