,Precision@k,Recall@K,MAP@K,nDCG@k,MRR@k,HitRate@k,Coverage@K
5,0.0015315315315315317,0.00017085080931524867,0.0007102102102102102,0.0015432248291388463,0.0035510513,0.0076576576576576575,0.8331812118233518
10,0.0014864864864864865,0.00024063229046439061,0.00045284570284570287,0.001506888045793776,0.004428357,0.014414414414414415,0.9731798076247982
20,0.0013268788268788268,0.00048423275885257965,0.0002812538930852484,0.0013744419587943127,0.0050278753,0.023423423423423424,0.9993681106508461
100,0.0033983211769969073,0.0032005044048123835,0.00018851530355854768,0.0020144498896960245,0.0064587663,0.0963963963963964,1.0
