,Precision@k,Recall@K,MAP@K,nDCG@k,MRR@k,HitRate@k,Coverage@K
5,0.09086727989487517,0.07421487753886866,0.06305237990947583,0.09521620940563053,0.17992115,0.2608409986859396,0.0014065596828847261
10,0.08539771186617441,0.08150700778046906,0.05463843607355825,0.08801599966238945,0.18459587,0.29684625492772665,0.0026213157726488077
20,0.10773705377070165,0.10724050181679608,0.054842938883714956,0.09492092623306199,0.19017252,0.37923784494086726,0.004539351703855252
100,0.1944684769466023,0.1944684769466023,0.05783299732128818,0.12184632436937513,0.1953799,0.6019710906701708,0.014129531359887475
