,Precision@k,Recall@K,MAP@K,nDCG@k,MRR@k,HitRate@k,Coverage@k,Diversity@k,Novelty@k
0,0.16849222447599732,0.02307016317354108,0.1150281721884156,0.17250814891934974,0.28392496705055237,0.4482758620689655,0.7424,0.771726790098946,180.58828620464337
1,0.15970853858784892,0.04018759947165468,0.09264714378727225,0.1646206015898757,0.2982022166252136,0.5557809330628803,0.86912,0.811708276519556,273.82265868589286
2,0.16420927653811088,0.07524131247268259,0.0774724527469439,0.16263164551675635,0.3065420091152191,0.6734279918864098,0.89248,0.8296900385586898,396.6014535653842
3,0.2650053022822142,0.24868257294149396,0.06224984872477153,0.1922322305905339,0.31149840354919434,0.8640973630831643,0.89696,0.8570972179967591,763.3432354114613
