,Precision@k,Recall@K,MAP@K,nDCG@k,MRR@k,HitRate@k,Coverage@K,Novelty@K,Diversity@k,Time_fit,Time_predict
5,0.19337958947672737,0.03483849131153468,0.13545798400308376,0.1987919246565662,0.3188349233882625,0.49176062445793584,0.18016,4.190264860606877,0.6058841246067301,93.73261308670044,0.04746651649475098
10,0.19088678258235936,0.05981687645985679,0.10995941524918727,0.1930183001723065,0.3364955464695274,0.6201214223764093,0.24352,4.3111061161465365,0.6345017258742209,93.73261308670044,0.04746651649475098
20,0.19630397706465924,0.10207783087666066,0.09236224819708669,0.19004556847573506,0.3439851963393324,0.7276669557675629,0.31584,4.412033555784947,0.6673492747703792,93.73261308670044,0.04746651649475098
100,0.32417578451820694,0.30707211734184475,0.07971039823458867,0.2313384783678586,0.34876874822436027,0.9080659150043365,0.54464,4.697375973420455,0.75561511517961,93.73261308670044,0.04746651649475098
