,Precision@k,Recall@K,MAP@K,nDCG@k,MRR@k,HitRate@k,Coverage@K,Time_fit,Time_predict
5,8.651670437907626e-05,7.554806237090277e-05,2.919938772793824e-05,5.734124126212425e-05,8.152536e-05,0.00023292958871289765,0.054039263971543884,1.9575588703155518,194.7839915752411
10,0.00010287723501486312,9.729608009256618e-05,2.9920360264430543e-05,6.48280746370838e-05,9.67767e-05,0.0003327565553041395,0.07061016485395719,1.9575588703155518,194.7839915752411
20,0.000371776222801113,0.00036682434083605385,4.5408241906344893e-05,0.00013871676008083913,0.00013306554,0.0009317183548515906,0.09072097954716465,1.9575588703155518,194.7839915752411
100,0.0018028897766343191,0.0018026784675086748,7.727103997221003e-05,0.00044048494631421286,0.00020675441,0.0042925595634233996,0.16767562760790752,1.9575588703155518,194.7839915752411
