,Precision@k,Recall@K,MAP@K,nDCG@k,MRR@k,HitRate@k,Coverage@K,Time_fit,Time_predict
5,0.01653113553113553,0.012749535250099654,0.007672649572649574,0.013018253131604639,0.020952381193637848,0.04483516483516484,0.0017412100360829068,18.915608644485474,11.565247774124146
10,0.025040816326530612,0.022540494894640547,0.007966502412930985,0.016138459607866324,0.025004884228110313,0.0767032967032967,0.002999916086263321,18.915608644485474,11.565247774124146
20,0.03827834759792199,0.03664849036846247,0.008597654856066334,0.020409475643396395,0.02825544774532318,0.12285714285714286,0.0058529831333389275,18.915608644485474,11.565247774124146
100,0.10265871687204808,0.10237749048146919,0.00996636433607762,0.03592968532595254,0.031846996396780014,0.2767032967032967,0.023286061928337667,18.915608644485474,11.565247774124146
