,Precision@k,Recall@K,MAP@K,nDCG@k,MRR@k,HitRate@k,Coverage@K,Time_fit,Time_predict
5,0.015523809523809521,0.011644508747854386,0.007334493284493285,0.012372965050142308,0.019893772900104523,0.043076923076923075,0.006880926407652933,25.228851318359375,12.877301216125488
10,0.024236438165009592,0.021695620214269046,0.007653347578347579,0.015456877058641568,0.02380490116775036,0.07428571428571429,0.012251405555089369,25.228851318359375,12.877301216125488
20,0.03849972884787296,0.036895360194797576,0.008357591281440377,0.020106021152544982,0.02732212096452713,0.12461538461538461,0.02164974406310313,25.228851318359375,12.877301216125488
100,0.09921342906369815,0.09892877798852116,0.009637819531641558,0.03480886718348389,0.03071913868188858,0.27384615384615385,0.07898380464882102,25.228851318359375,12.877301216125488
