,Precision@k,Recall@K,MAP@K,nDCG@k,MRR@k,HitRate@k,Coverage@K,Time_fit,Time_predict
5,0.0019098211972013476,0.0015009230840759813,0.0008250410296277101,0.001537708576196876,0.002769284,0.005960093288416689,0.06474820143884892,1.3947911262512207,23.511056900024414
10,0.0031104365387858517,0.0029137257607189855,0.0008598376534493713,0.0020164033021098523,0.0035417927,0.011972013474993522,0.08184756542592013,1.3947911262512207,23.511056900024414
20,0.006146111754831109,0.006082686540775546,0.001020714776729876,0.003019971947274518,0.0043319557,0.02378854625550661,0.11166718798873944,1.3947911262512207,23.511056900024414
100,0.026028273738609806,0.026027026604602366,0.0014201036420603997,0.007939507320782687,0.005757351,0.09489505053122571,0.2387655093316651,1.3947911262512207,23.511056900024414
