,Precision@k,Recall@K,MAP@K,nDCG@k,MRR@k,HitRate@k,Coverage@K,Time_fit,Time_predict
5,0.06033783783783783,0.013814939621272131,0.033511386386386385,0.05877226059728143,0.10808559,0.20540540540540542,0.041353647405743175,17.32655954360962,7.637776613235474
10,0.0610472972972973,0.02313620375162713,0.0261649221500412,0.05827982475659034,0.12012299,0.2959459459459459,0.06234641578319174,17.32655954360962,7.637776613235474
20,0.06647374199425284,0.03953553283705661,0.021376617528231244,0.058683785896592115,0.1264539,0.3864864864864865,0.09106227620585551,17.32655954360962,7.637776613235474
100,0.12911737017454547,0.12513961074518218,0.01782261916883075,0.07611947624578064,0.13209634,0.6171171171171171,0.2055746682580917,17.32655954360962,7.637776613235474
