,Precision@k,Recall@K,MAP@K,nDCG@k,MRR@k,HitRate@k,Coverage@K
5,0.009055876685934487,0.0061918649308719265,0.004470134874759152,0.008345409186854879,0.017533718,0.031791907514450865,0.0035294117647058825
10,0.017267639232957155,0.015792973324633686,0.00478860191047089,0.011448752968414357,0.021675155,0.06647398843930635,0.006666666666666667
20,0.03505883567299752,0.03452074849184269,0.005783190834749411,0.01673015501258362,0.024277681,0.1069364161849711,0.01215686274509804
100,0.09377054872590757,0.0937029596311918,0.00775578308842861,0.03246491725347977,0.027656764,0.24566473988439305,0.05215686274509804
