,Precision@k,Recall@K,MAP@K,nDCG@k,MRR@k,HitRate@k,Coverage@k,Diversity@k,Novelty@k
0,0.0035971223021582736,0.001625622578859989,0.0035971223021582736,0.0035971223021582736,0.003597122384235263,0.0035971223021582736,0.16321340414391503,4.9191156361150234e-05,42629.934011357705
1,0.0039028776978417266,0.0033757609297177644,0.0034982014388489206,0.00374697151392103,0.003884892212226987,0.006474820143884892,0.17757498691001572,0.21044679178327952,58810.66733341238
2,0.030054418004058295,0.030000461169525924,0.005025277304829669,0.010639560746932793,0.00573976244777441,0.04028776978417266,0.18183858179370185,0.7162315361481421,82790.63256686597
3,0.07399344859776515,0.07399344859776515,0.007766593501948696,0.023863535040523312,0.006840607617050409,0.08992805755395683,0.18415737901114518,0.9311789709161842,126603.61604080566
