,Precision@k,Recall@K,MAP@K,nDCG@k,MRR@k,HitRate@k,Coverage@K
5,0.0035971223021582736,0.001625622578859989,0.0035971223021582736,0.0035971223021582736,0.0035971224,0.0035971223021582736,0.0014959982048021543
10,0.0039028776978417266,0.0033757609297177644,0.0034982014388489206,0.00374697151392103,0.0038848922,0.006474820143884892,0.002094397486723016
20,0.030054418004058295,0.030000461169525924,0.005025277304829669,0.010639560746932793,0.0057397624,0.04028776978417266,0.002917196499364201
100,0.07399344859776515,0.07399344859776515,0.007766593501948696,0.023863535040523312,0.0068406076,0.08992805755395683,0.009873588151694219
