,Precision@k,Recall@K,MAP@K,nDCG@k,MRR@k,HitRate@k,Coverage@K,Time_fit,Time_predict
5,0.00636327817178881,0.005363355166777923,0.002724586288416076,0.0050910131385158855,0.008924350142478943,0.02009456264775414,0.008797653958944282,0.20624160766601562,0.7240962982177734
10,0.010521501744906,0.010154085844033423,0.003087756576231754,0.00669341171905849,0.01077760849148035,0.034278959810874705,0.014317750560634812,0.20624160766601562,0.7240962982177734
20,0.013510399503307303,0.013350530934558071,0.0032119193092403063,0.007926050682200075,0.011979542672634125,0.05319148936170213,0.02570294980162153,0.20624160766601562,0.7240962982177734
100,0.043266427868959095,0.043266427868959095,0.003815368236916471,0.015094153655330384,0.013990895822644234,0.1453900709219858,0.09573917543557012,0.20624160766601562,0.7240962982177734
