,Precision@k,Recall@K,MAP@K,nDCG@k,MRR@k,HitRate@k,Coverage@K,Time_fit,Time_predict
5,0.0894401133947555,0.007119002023017104,0.04595322466335932,0.08645505089535553,0.16117411851882935,0.3330970942593905,0.22852233676975944,,
10,0.09723600283486888,0.01568243396690759,0.03653122293093944,0.09292732196763061,0.18715620040893555,0.5272856130403969,0.3549828178694158,,
20,0.10097842349791322,0.032525674324258826,0.029906258372986785,0.09708226344250814,0.19838039577007294,0.6917080085046067,0.5333333333333333,,
100,0.2111018280658094,0.20880020785572687,0.04118808024698826,0.16870693597017994,0.2051340937614441,0.9383416017009213,0.9123711340206185,,
