,Precision@k,Recall@K,MAP@K,nDCG@k,MRR@k,HitRate@k,Coverage@K,Time_fit,Time_predict
5,0.08731396172927003,0.006936714403898829,0.04631230805575242,0.08583899750711968,0.1622608,0.32104890148830617,0.3120274914089347,,
10,0.08944011339475551,0.014428403572962774,0.035781416984464465,0.08790390807466775,0.18386176,0.4833451452870305,0.4738831615120275,,
20,0.09109181825340579,0.029458532414668878,0.02814880315561331,0.08949310942631242,0.19487923,0.6428065201984409,0.6652920962199312,,
100,0.2137603641005772,0.21149715845064399,0.04215332061475037,0.16800390624904427,0.20239824,0.9192062367115521,0.9353951890034364,,
