,Precision@k,Recall@K,MAP@K,nDCG@k,MRR@k,HitRate@k,Coverage@K,Time_fit,Time_predict
5,0.007366300366300366,0.005339142122334656,0.004064346764346765,0.006630657827709173,0.011761904694139957,0.020879120879120878,0.22697056030389365,,
10,0.0098992673992674,0.008584143791900013,0.0038495377638234777,0.007328025360970931,0.013250479474663734,0.032527472527472526,0.3653790940612646,,
20,0.013647074055691754,0.012803095873862481,0.003847026869582835,0.008359301934966427,0.01429775170981884,0.04835164835164835,0.5444245676803816,,
100,0.026604798265495132,0.02648193203304579,0.003962402819261043,0.01132557750360636,0.015490052290260792,0.09934065934065935,0.9318889551447691,,
