,Precision@k,Recall@K,MAP@K,nDCG@k,MRR@k,HitRate@k,Coverage@K,Novelty@K,Diversity@k,Time_fit,Time_predict
5,0.00014650481372959395,0.00010940294531755394,3.662620343239849e-05,8.583852499273699e-05,0.00010464629552113855,0.0004185851820845542,0.00026603704565860797,11.241638860662274,1.0,0.23540425300598145,0.23612189292907715
10,0.000265103948653551,0.00024893133934573866,4.833662221690685e-05,0.0001362358104608989,0.00015547449620283442,0.0008371703641691084,0.0005320740913172159,10.338716660985073,0.9946573574804863,0.23540425300598145,0.23612189292907715
20,0.0006592716617831729,0.0006535636820274743,7.943982671902304e-05,0.00025942816725505255,0.00022523869321692673,0.0016743407283382169,0.0011639120747564098,10.435634931767357,0.9928376479957599,0.23540425300598145,0.23612189292907715
100,0.002772521471764159,0.002772521471764159,0.00012000524881518056,0.000754315463420014,0.00035173114813502853,0.009627459187944746,0.0036247547470985336,10.770981069456369,0.9928605776820596,0.23540425300598145,0.23612189292907715
