,Precision@k,Recall@K,MAP@K,nDCG@k,MRR@k,HitRate@k,Coverage@K,Time_fit,Time_predict
5,0.035038455957045425,0.03236470306119894,0.020101460842644994,0.027819989205138885,0.03544478490948677,0.061384414453635176,0.10874647319629181,,
10,0.046045739439296254,0.044798582905975305,0.021231944171596306,0.031884559689629825,0.038385819643735886,0.08315193730953417,0.17740830310358727,,
20,0.06165851425114078,0.06086037395720787,0.0222679732186567,0.03651614679074715,0.04024340212345123,0.11014366565084893,0.26880290205562274,,
100,0.0975319003411431,0.0973035420634671,0.02330256100077178,0.04493967963811962,0.04171929880976677,0.1693513278188942,0.46680773881499393,,
