,Precision@k,Recall@K,MAP@K,nDCG@k,MRR@k,HitRate@k,Coverage@K,Time_fit,Time_predict
5,0.010741811175337188,0.007392452592994219,0.004325626204238921,0.008666120065544597,0.016088632866740227,0.03468208092485549,0.23647932131495228,,
10,0.017802091935039913,0.015419658513355949,0.004717519955959262,0.011529131171338577,0.0195878054946661,0.06069364161849711,0.39257688229056203,,
20,0.02028970547756675,0.019210614009309377,0.004452865353689328,0.012300570381599315,0.021200839430093765,0.0838150289017341,0.6046659597030752,,
100,0.06397766476943334,0.0639592313799654,0.005549459597619993,0.024604961856908816,0.024471478536725044,0.21965317919075145,0.975185577942736,,
