,Precision@k,Recall@K,MAP@K,nDCG@k,MRR@k,HitRate@k,Coverage@K,Time_fit,Time_predict
5,0.04899381182088388,0.04648432173551406,0.025300151050041415,0.036652445273699055,0.04654534161090851,0.09048384739073236,0.5556588426679061,,
10,0.0800710236830687,0.07905366653045429,0.02914103688084187,0.048039719853495075,0.05354660376906395,0.1445695073819617,0.737624912851499,,
20,0.12496396394394282,0.12463234525525461,0.032394194493048964,0.0614415807366004,0.058596171438694,0.21824294693758223,0.9007669068092029,,
100,0.29273904756738406,0.29273776851461397,0.03739243494366709,0.09860613490156914,0.0640617236495018,0.4418944598742874,0.9997676039972112,,
