,Precision@k,Recall@K,MAP@K,nDCG@k,MRR@k,HitRate@k,Coverage@K,Time_fit,Time_predict
5,0.09114103472714388,0.007245911510926303,0.04554216867469879,0.0857806831306572,0.15540987253189087,0.33026222537207656,0.4632302405498282,,
10,0.0966690290574061,0.015562172704451281,0.036537719505472875,0.09152194047224092,0.18065764009952545,0.5209071580439405,0.6127147766323024,,
20,0.10150996141428459,0.03298584638459624,0.02974286079134984,0.09671809709665082,0.1943667083978653,0.7150956768249468,0.7453608247422681,,
100,0.22895981810812963,0.22668585162931695,0.045159232663769824,0.1795970683493611,0.20144686102867126,0.959603118355776,0.9367697594501718,,
