,Precision@k,Recall@K,MAP@K,nDCG@k,MRR@k,HitRate@k,Coverage@K,Time_fit,Time_predict
5,0.010511556764106051,0.009542683438990087,0.005252199939572476,0.008132066176653702,0.011943122372031212,0.023827328348062542,0.20508216897125897,,
10,0.01564742427675806,0.015225304144572927,0.005668657072127136,0.010052270891624181,0.013956465758383274,0.03942895989123046,0.3162093679866792,,
20,0.02550332909329627,0.025348218744437448,0.006285425781015204,0.013080761082250142,0.01573108695447445,0.06505778382053025,0.4519510605950916,,
100,0.06551625787268306,0.06550350477017276,0.007228798976302555,0.02230519220342456,0.01789529249072075,0.16159075458871516,0.753232462173315,,
