,Precision@k,Recall@K,MAP@K,nDCG@k,MRR@k,HitRate@k,Coverage@K,Novelty@K,Diversity@k,Time_fit,Time_predict
5,0.020181755829903978,0.019221874413433725,0.009725508687700047,0.014453678170729107,0.017592592592592594,0.03806584362139918,0.2344977186027377,13.230366172471395,0.8794092857298887,372.1288912296295,0.03944849967956543
10,0.0390703589391861,0.038942300306699124,0.012770105956191345,0.02162482677088823,0.020917230060748578,0.06378600823045268,0.3627047647542823,13.189518160080652,0.9069391400497626,372.1288912296295,0.03944849967956543
20,0.06298302320678864,0.06297966840270919,0.015257785887032103,0.02936489638285386,0.02333291552507382,0.09979423868312758,0.517390979130825,13.214591480496368,0.9310854216289305,372.1288912296295,0.03944849967956543
100,0.19231328082391555,0.19231328082391555,0.019572278548526435,0.058887046854041496,0.027247609852883752,0.27109053497942387,0.8414241902909716,13.21186540533904,0.9702950918567501,372.1288912296295,0.03944849967956543
