,Precision@k,Recall@K,MAP@K,nDCG@k,MRR@k,HitRate@k,Coverage@k,Diversity@k,Novelty@k
0,0.023489208633093523,0.022187173338252476,0.014830935251798563,0.01822145748393006,0.019532375037670135,0.031654676258992806,0.18483057820330615,,28.169175211796208
1,0.03595123900879296,0.03582026686343233,0.016577904343192115,0.02298254006129694,0.021851662546396255,0.04892086330935252,0.20629815244221708,,36.71309044327661
2,0.05599241485932134,0.05599241485932134,0.0185666752299044,0.02919145514204446,0.02348448894917965,0.07338129496402877,0.21273094472286633,,52.31528821866543
3,0.15664044189224047,0.15664044189224047,0.02195401095743585,0.05131194728309472,0.02598288469016552,0.18633093525179856,0.21602214077343107,,156.7087948514833
