,Precision@k,Recall@K,MAP@K,nDCG@k,MRR@k,HitRate@k,Coverage@K
5,0.0003516483516483517,0.00024023455536060576,0.00014652014652014655,0.00027137435613595206,0.00055677653,0.0008791208791208791,0.831941763866745
10,0.0003956043956043956,0.0002503921158131344,0.00010967207395778825,0.0002836888094293039,0.0007011163,0.001978021978021978,0.9718888982126374
20,0.00038932496075353215,0.00031026401779029954,8.798384155527013e-05,0.0002606609860979893,0.0007504004,0.0026373626373626374,0.999223797935722
100,0.0014915656354254816,0.0014800015702130483,9.076009618965374e-05,0.0005339308304100399,0.00093579426,0.012087912087912088,1.0
