,Precision@k,Recall@K,MAP@K,nDCG@k,MRR@k,HitRate@k,Coverage@K
5,0.00334353047813279,0.0030983822045621977,0.001121053327290581,0.002011199585079183,0.0024280534,0.00690006798096533,5.383773307251943e-05
10,0.004119579057546426,0.003995763713876017,0.0011731294401084956,0.002301769409585281,0.002815545,0.009789259007477907,9.4216032876909e-05
20,0.0071844566842349045,0.0071208825693223066,0.0013425495839825261,0.003210227528945197,0.0033559958,0.018218898708361658,0.00017048615472964486
100,0.026755197784959443,0.026745854980522944,0.0017443110296892898,0.00770458018535965,0.004598963,0.07705642420122366,0.000659512230138363
