,Precision@k,Recall@K,MAP@K,nDCG@k,MRR@k,HitRate@k,Coverage@K
5,0.014198982398239824,0.009617190792185312,0.006970377246057939,0.012864234898175397,0.024240235,0.04950495049504951,8.59195106024676e-05
10,0.018865167766776676,0.017193401677225217,0.006369144719295248,0.014293574913724022,0.027510166,0.07574257425742574,0.00013747121696394818
20,0.025430698946187446,0.024996796024654613,0.006447345951400943,0.01635197101487197,0.029242976,0.10276402640264026,0.00021766276019291795
100,0.04915273312821305,0.04912724492674261,0.007086885051739236,0.02302870685961284,0.0308318,0.17182343234323433,0.0007961874649161998
