,Precision@k,Recall@K,MAP@K,nDCG@k,MRR@k,HitRate@k,Coverage@K
5,0.0,0.0,0.0,0.0,0.0,0.0,0.6560784313725491
10,0.003179190751445087,0.0029606654448047372,0.0003572575465639049,0.0010706971606958336,0.00068240205,0.005780346820809248,0.883921568627451
20,0.0033236994219653184,0.003139416855433339,0.00035791573382842017,0.0012023420815019496,0.0010568375,0.011560693641618497,0.9849019607843137
100,0.01576254011901434,0.015731817803234446,0.0005932236831115833,0.0046745503787341,0.0025192162,0.08092485549132948,1.0
