,Precision@k,Recall@K,MAP@K,nDCG@k,MRR@k,HitRate@k,Coverage@K,Time_fit,Time_predict
5,0.017710795902285262,0.015073339374333822,0.010021013921723141,0.016144088738220975,0.027127660810947418,0.0508274231678487,0.13992367799382155,,
10,0.030675635108259224,0.02985912162465508,0.01113853162094888,0.021475656648595486,0.03297403082251549,0.09456264775413711,0.22424132291477375,,
20,0.04595548636935348,0.04575398139969403,0.012214882001324184,0.026848874489924738,0.03599188104271889,0.13947990543735225,0.3645284390332546,,
100,0.12533811143347556,0.12533811143347556,0.014474353716083944,0.04780455982737799,0.04085061326622963,0.3463356973995272,0.869889151371979,,
