,Precision@k,Recall@K,MAP@K,nDCG@k,MRR@k,HitRate@k,Coverage@K,Novelty@K,Diversity@k,Time_fit,Time_predict
5,0.12517504376094024,0.023040927526040648,0.08708375010419273,0.1289376173612297,0.21330957739434855,0.33758439609902474,0.13886816583182351,4.600163022324271,0.6967387799346556,2.3719234466552734,0.085968017578125
10,0.11690497029019162,0.03832608820218726,0.06741072739840288,0.12078687928575062,0.22741846175829672,0.4452363090772693,0.18267078759458596,4.797974185756421,0.7277383371619836,2.3719234466552734,0.085968017578125
20,0.1161427340159378,0.06301315812599889,0.05345946557832738,0.11573514039774734,0.23548002818806876,0.5611402850712678,0.2296706810188639,5.026754384792038,0.7589103295032449,2.3719234466552734,0.085968017578125
100,0.2009646142305974,0.19289071582894302,0.041812185442443285,0.14003303616256596,0.24100738306341643,0.7846961740435109,0.3720558456783545,5.694833087059691,0.8307336973142547,2.3719234466552734,0.085968017578125
