,Precision@k,Recall@K,MAP@K,nDCG@k,MRR@k,HitRate@k,Coverage@K,Time_fit,Time_predict
5,0.003964497041420118,0.0007561658982250759,0.0031597633136094673,0.005377599678581461,0.013431953,0.017159763313609466,0.0014919011082693947,91.91576433181763,2.3394646644592285
10,0.0031508875739644972,0.0009502009256917415,0.001926575561190946,0.004361491494396474,0.014503851,0.02485207100591716,0.0027706734867860186,91.91576433181763,2.3394646644592285
20,0.004347743505326813,0.0025219076654309563,0.001361676633769806,0.004429722506956203,0.016280387,0.05384615384615385,0.005221653878942882,91.91576433181763,2.3394646644592285
100,0.010927370877099359,0.010477066227217766,0.0010607300687434241,0.006801023144666828,0.019256668,0.19644970414201182,0.020460358056265986,91.91576433181763,2.3394646644592285
