,Precision@k,Recall@K,MAP@K,nDCG@k,MRR@k,HitRate@k,Coverage@K,Novelty@K,Diversity@k,Time_fit,Time_predict
5,0.1333833458364591,0.02331156004490722,0.09578092439776612,0.13796894970932466,0.2239747436859215,0.34583645911477867,0.041457955877651075,8.876928713974506,0.5566820585855117,14.429970264434814,3.1922876834869385
10,0.12635450529298992,0.04103945096416324,0.07478786109272972,0.1301853941519771,0.23861530858905203,0.4561140285071268,0.061281040179047216,8.902800363847035,0.5900846259359142,14.429970264434814,3.1922876834869385
20,0.1267918708073106,0.0675997916118396,0.06119676429583765,0.125453691431145,0.2449871572001611,0.5483870967741935,0.08920387935628264,8.905205651216004,0.6265982989602579,14.429970264434814,3.1922876834869385
100,0.2015388659787118,0.19201721911810754,0.049184336150089804,0.14759783260282547,0.2501412633480854,0.7520630157539385,0.21123308110412448,8.781903852151755,0.7258401320989949,14.429970264434814,3.1922876834869385
