,Precision@k,Recall@K,MAP@K,nDCG@k,MRR@k,HitRate@k,Coverage@K
5,0.04912366644894405,0.013049600009019642,0.027702119166848102,0.04788504993343713,0.087464616,0.1636185499673416,0.006103386052436047
10,0.04884438534830436,0.02190093421946885,0.02126289524143595,0.046077117520258316,0.096472375,0.23056825604180275,0.008916250928776138
20,0.059577457940746675,0.04098240535772352,0.017523198035524254,0.04827518530787707,0.10320702,0.3324624428478119,0.013852032692920072
100,0.1308041254857587,0.1287702282417707,0.0156627969196643,0.06865491463294329,0.10860975,0.55421293272371,0.03539963910412907
