,Precision@k,Recall@K,MAP@K,nDCG@k,MRR@k,HitRate@k,Coverage@K
5,0.0019735887389348426,0.0011303649192304845,0.0006936583950079815,0.0014284396535761237,0.002162241,0.006530256856769699,0.0002975304968759298
10,0.004263843107987644,0.003683953401527594,0.0009124738271451374,0.0023003944545975353,0.0030281045,0.012625163256421419,0.00048348705742338587
20,0.006856267130537918,0.006366313560826978,0.0010263038144101208,0.0030863022790981855,0.003501822,0.0195907705703091,0.0009297828027372806
100,0.0330575457232047,0.03290284968699551,0.0016914413592352333,0.009366024340150556,0.005163721,0.08097518502394427,0.003495983338292175
