,Precision@k,Recall@K,MAP@K,nDCG@k,MRR@k,HitRate@k,Coverage@K,Time_fit,Time_predict
5,0.007838827838827838,0.005596949096972611,0.0035260683760683764,0.006397476971317517,0.011329671,0.023516483516483517,0.0988316879789748,,
10,0.011774638060352347,0.01008094997387153,0.0036365576002480764,0.007939071715932939,0.013617042,0.041098901098901096,0.15192473332008216,,
20,0.01745767400417317,0.016362140146129366,0.003779871087840622,0.009738202131982716,0.015403645,0.06747252747252747,0.23043795136818393,,
100,0.05031816103299897,0.050097520687775635,0.0043592269141989265,0.017702739104704667,0.017797958,0.17736263736263735,0.5300470416749486,,
