,Precision@k,Recall@K,MAP@K,nDCG@k,MRR@k,HitRate@k,Coverage@K,Time_fit,Time_predict
5,0.008542124542124543,0.0061589737959898885,0.003752380952380952,0.006590878597235087,0.010626372881233692,0.022637362637362636,0.08416705315930122,,
10,0.01061573347287633,0.008966797457397223,0.0034925899969267316,0.007331608204624814,0.012562183663249016,0.03736263736263736,0.13229090748470593,,
20,0.016753594050135743,0.01569264548226376,0.0036492570503760514,0.00919964930502867,0.014213025569915771,0.062197802197802195,0.20676251684003621,,
100,0.048774790991774244,0.04854447303411972,0.004193361877423303,0.016977275997315522,0.016590220853686333,0.16967032967032966,0.5067691424280572,,
