,Precision@k,Recall@K,MAP@K,nDCG@k,MRR@k,HitRate@k,Coverage@K,Time_fit,Time_predict
5,0.006286539768864717,0.005296604668167044,0.003647509252964725,0.005548114518912478,0.009230683,0.016587355540448673,0.009156901100084346,472.01524472236633,965.1313393115997
10,0.009257523766361292,0.008785251830355023,0.003754564998255515,0.00658895698339874,0.010702821,0.02780421481985044,0.016272454821168996,472.01524472236633,965.1313393115997
20,0.01412965750577272,0.013934201895646075,0.0039992924451301,0.008152698068878287,0.01195576,0.045989123045547246,0.028901889704430847,472.01524472236633,965.1313393115997
100,0.04078465472372225,0.0407687413503049,0.004578002665897658,0.014296117512817456,0.013574063,0.11920462270564242,0.10570590241013585,472.01524472236633,965.1313393115997
