,Precision@k,Recall@K,MAP@K,nDCG@k,MRR@k,HitRate@k,Coverage@K
5,0.015450035435861091,0.0013017558992705783,0.0072832506496574535,0.015573993059964968,0.03506969,0.0744153082919915,0.8865141481035521
10,0.01552090715804394,0.0027013495001457642,0.0047454523978266005,0.015574732717670892,0.044110615,0.14386959603118354,0.9864539434075857
20,0.016319620217564935,0.0055364444227414995,0.0030909866991298235,0.016111646154049766,0.05280882,0.2721474131821403,0.9996989765201686
100,0.02957205890006017,0.029277425748974382,0.001941757805441191,0.024452829840105328,0.06465441,0.778880226789511,1.0
