,Precision@k,Recall@K,MAP@K,nDCG@k,MRR@k,HitRate@k,Coverage@K
5,6.0642329942150403e-05,5.7450628366247755e-05,5.465788948733293e-05,6.083225737340907e-05,7.7797726e-05,9.575104727707959e-05,0.9996691672851152
10,0.00011290644324755635,0.00010883034160443929,5.9839654992258227e-05,8.26351596975281e-05,0.000100548095,0.00026331538001196886,1.0
20,0.0001880396682910148,0.0001871552682238004,6.449380653252059e-05,0.00010809374730401806,0.00011878612,0.0005266307600239377,1.0
100,0.0008935002440042799,0.0008934330804998951,7.909271733281093e-05,0.000267283322008486,0.00016260242,0.002633153800119689,1.0
