,Precision@k,Recall@K,MAP@K,nDCG@k,MRR@k,HitRate@k,Coverage@K,Time_fit,Time_predict
5,0.04161702065902807,0.014970623947236477,0.02523493869534404,0.04393453735006235,0.0887894332408905,0.15206553998650305,0.1690137481867079,,
10,0.03997549460853744,0.02415369495485261,0.01807804820000184,0.040767847660477884,0.09797239303588867,0.22177796805723865,0.24806432933563366,,
20,0.04473448435065977,0.03767127018292965,0.014708264110483055,0.04062719623377425,0.10373296588659286,0.30571297955866455,0.3593392751607338,,
100,0.09833890565374087,0.09810513643471559,0.015057248155010434,0.05876175813916053,0.10926087945699692,0.5338330587987722,0.720821667572069,,
