,Precision@k,Recall@K,MAP@K,nDCG@k,MRR@k,HitRate@k,Coverage@K,Time_fit,Time_predict
5,0.06906906906906907,0.015208160993997123,0.04220345345345345,0.06995741049916943,0.127034530043602,0.22252252252252253,0.03344562078922041,,
10,0.0684418346918347,0.02554314800781236,0.0321804542637876,0.06749044316719673,0.13952720165252686,0.3184684684684685,0.05097048444016683,,
20,0.0728335915661767,0.04279786992860034,0.025690746661173477,0.06695326992420164,0.1470852643251419,0.42657657657657655,0.07908245107475137,,
100,0.14125912279926411,0.13653422236106394,0.021198067054273167,0.0859427871339977,0.15251976251602173,0.6441441441441441,0.21859961501443695,,
