,Precision@k,Recall@K,MAP@K,nDCG@k,MRR@k,HitRate@k,Coverage@K,Time_fit,Time_predict
5,0.08777704774419623,0.07101872371036085,0.06013618776463717,0.0913351527786641,0.17318658530712128,0.25203679369250986,0.20274184205445067,,
10,0.09063382558454831,0.08651258825702432,0.05321985886265734,0.08813303447180831,0.18061693012714386,0.3084099868593955,0.32599600952564844,,
20,0.10577494856669642,0.10528502680962164,0.052885080988739654,0.09278118859933181,0.1853344887495041,0.376215505913272,0.5042157430649418,,
100,0.19002898570433457,0.19002898570433457,0.05574173076613254,0.11876146618041993,0.1903301328420639,0.5901445466491458,0.933191735856343,,
