,Precision@k,Recall@K,MAP@K,nDCG@k,MRR@k,HitRate@k,Coverage@K,Time_fit,Time_predict
5,0.06552461496149614,0.05164164467773548,0.03878480243857719,0.06000291387104701,0.09949532151222229,0.17066831683168318,0.2842780327717036,,
10,0.08549946958981612,0.08038301581880272,0.037920998531731476,0.06689957633693372,0.10880553722381592,0.24047029702970296,0.43144393445659285,,
20,0.12328390251628364,0.12199762659036423,0.04023388656046031,0.07951351998242855,0.11446654051542282,0.322483498349835,0.6062128482210556,,
100,0.27703188707465487,0.27699840272798176,0.04637368429472895,0.12095747746804798,0.1198861226439476,0.5466996699669967,0.9454943248577596,,
