,Precision@k,Recall@K,MAP@K,nDCG@k,MRR@k,HitRate@k,Coverage@K
5,0.0003435643376421236,6.097134902354503e-05,0.0001635821802099349,0.00034965105662448036,0.0008027256699278951,0.001696942087580434,0.9997236927905923
10,0.00032435691281998446,9.96715092605123e-05,0.00010586047907384961,0.00033340079665066625,0.000982819008640945,0.003097773475314618,1.0
20,0.00041486092859562744,0.00022356923717179825,7.747294857969603e-05,0.0003805588023829584,0.0012364615686237812,0.0068561015887477934,1.0
100,0.0011537365297748666,0.0011143791744296335,6.335662722163948e-05,0.0006863575242463856,0.0017513592028990388,0.03272023233301065,1.0
