,Precision@k,Recall@K,MAP@K,nDCG@k,MRR@k,HitRate@k,Coverage@K,Time_fit,Time_predict
5,0.0007823384417532954,0.0007296220761241151,0.0007227997475559366,0.0008840318173366143,0.0015003751032054424,0.001571821526810274,0.00016612675471384668,,
10,0.0007383223356859623,0.0007296220761241151,0.0006787836414886034,0.0008324990919277392,0.0015003751032054424,0.001571821526810274,0.00023073160376923147,,
20,0.0008079579866323545,0.0008074949078997084,0.0006747412775141513,0.0008401649930627015,0.0015090686501935124,0.0017147143928839352,0.00037839983018153964,,
100,0.0011720134751832525,0.0011720134751832525,0.000681896459496009,0.0009130462610733769,0.001523309969343245,0.0023934555067338264,0.0010429068490369262,,
