,Precision@k,Recall@K,MAP@K,nDCG@k,MRR@k,HitRate@k,Coverage@K,Novelty@K,Diversity@k,Time_fit,Time_predict
5,0.003690314122926435,0.0035603821062774777,0.0023634514865796064,0.0030583988428057006,0.003956032874502092,0.0064135531689608226,0.00215182699967969,9.59942416230444,0.9510041688213877,2.1941394805908203,4.175163745880127
10,0.0059170622315381045,0.005872408994848614,0.0026107964799728526,0.0038411429904079896,0.004517386846837762,0.010769928906368175,0.002899217293461567,10.172343192246888,0.9625272141968798,2.1941394805908203,4.175163745880127
20,0.007724034586691487,0.00771538497381007,0.002732490270227122,0.004382839209905013,0.0047876290716643115,0.01467251550446226,0.003925852312392716,10.488021066840139,0.9723421556474952,2.1941394805908203,4.175163745880127
100,0.01187262726406921,0.01187262726406921,0.0028362207679380786,0.005360225141353765,0.005054760197666226,0.02556345484798064,0.0067675780447941395,11.641692098129319,0.9901913508988994,2.1941394805908203,4.175163745880127
