,Precision@k,Recall@K,MAP@K,nDCG@k,MRR@k,HitRate@k,Coverage@K,Novelty@K,Diversity@k,Time_fit,Time_predict
5,0.027810210622710625,0.025496293845316736,0.013661668192918194,0.021590688032419886,0.03086080586080586,0.06078296703296703,0.176974858673014,11.994194878826399,0.8505388312112455,3546.7009897232056,0.0902407169342041
10,0.041652766875981156,0.040732068827112534,0.015389153690067804,0.027072901346743946,0.03473094365951509,0.09031593406593406,0.2975490925319845,12.032871287657347,0.8933656944295245,3546.7009897232056,0.0902407169342041
20,0.06324385072778345,0.06282595632306742,0.017276001684937453,0.03400825048610541,0.03718391871473069,0.1253434065934066,0.45923832192799763,12.0822258924917,0.9257833340131889,3546.7009897232056,0.0902407169342041
100,0.1308760917201613,0.13080172873572912,0.019676001792213346,0.050030812479388405,0.03937623401182751,0.21634615384615385,0.8455072894971735,12.375787514566595,0.9721378765087714,3546.7009897232056,0.0902407169342041
