,Precision@k,Recall@K,MAP@K,nDCG@k,MRR@k,HitRate@k,Coverage@k,Diversity@k,Novelty@k
0,0.008471760797342192,0.0045037959853914174,0.005047757475083057,0.008104963870534004,0.014091914519667625,0.027408637873754152,0.11497506972027381,,94.76131698222065
1,0.013326939302852924,0.009869145787338643,0.005025037792894935,0.010098693607018512,0.01716368831694126,0.05149501661129568,0.15101833854474775,,127.12923639762442
2,0.018890016854747425,0.017139384184418852,0.004937511526975954,0.011501724412702424,0.018703244626522064,0.0739202657807309,0.19263922927406404,,183.1727007058915
3,0.039043292975830486,0.03883831391290642,0.005218802627105824,0.016688836318927664,0.020427007228136063,0.14451827242524917,0.27055691709625623,,496.40892911636325
