,Precision@k,Recall@K,MAP@K,nDCG@k,MRR@k,HitRate@k,Coverage@K,Novelty@K,Diversity@k,Time_fit,Time_predict
5,0.1172086082312284,0.1116567210159416,0.06356752015917898,0.08907331698643786,0.11157712849513038,0.20970782280867106,0.2337117472852912,4.671924139741353,0.7554626223430083,63.71831679344177,3.2253599166870117
10,0.17460074353335428,0.1732118873388644,0.07045985147558517,0.11015963357289216,0.12483842735963377,0.3091423185673893,0.368213228035538,5.040681878997533,0.7916879862655726,63.71831679344177,3.2253599166870117
20,0.24861470887435783,0.24833051759444613,0.07656088297296844,0.13309743313121367,0.13274668295234573,0.4245994344957587,0.538746298124383,5.428210555876487,0.8260451784453655,63.71831679344177,3.2253599166870117
100,0.4832989665184212,0.4832989665184212,0.08509261289601144,0.18831752482925937,0.13911418896204814,0.6757775683317625,0.9230009871668312,6.4081115328563705,0.901193612056896,63.71831679344177,3.2253599166870117
