,Precision@k,Recall@K,MAP@K,nDCG@k,MRR@k,HitRate@k,Coverage@K,Novelty@K,Diversity@k,Time_fit,Time_predict
5,0.108545397423814,0.10369406674468802,0.057983296680280655,0.08104264834296468,0.09901036757775684,0.19085768143261075,0.390177690029615,5.336236750423191,0.7910693772416564,651.2410407066345,0.46544837951660156
10,0.1641033840491899,0.16245654054451206,0.06494546544924389,0.1020412885123529,0.11297518064718819,0.29594721960414705,0.5666337611056268,5.604273157919463,0.8195980546903671,651.2410407066345,0.46544837951660156
20,0.2436926974858507,0.24336353904515357,0.07138733125668865,0.12654474702158597,0.12131390157654881,0.4184731385485391,0.7462981243830207,5.902883107184549,0.8499450596044562,651.2410407066345,0.46544837951660156
100,0.4578186593940608,0.4578186593940608,0.07912014837505267,0.17687087805155574,0.1273689672348642,0.6583411875589067,0.9884007897334649,6.681564043835152,0.9131833486306768,651.2410407066345,0.46544837951660156
