,Precision@k,Recall@K,MAP@K,nDCG@k,MRR@k,HitRate@k,Coverage@K,Time_fit,Time_predict
5,0.004560428590443232,0.0031872358557634164,0.0027275777541150895,0.004047728698897251,0.006002928130328655,0.010648209769732464,0.49760191846522783,,
10,0.005643709633460732,0.004864720655186391,0.002684019939889528,0.0044902307617068786,0.006581634283065796,0.015007320644216691,0.6876670092497431,,
20,0.007478619098475434,0.007119957509375697,0.0027601920264870186,0.005156135434045047,0.006951863877475262,0.02039797684014375,0.8745632065775951,,
100,0.01612053865552913,0.01610140246452912,0.0031051885788605064,0.007708949454780073,0.007368753664195538,0.038699587381871424,0.9999314833847208,,
