,Precision@k,Recall@K,MAP@K,nDCG@k,MRR@k,HitRate@k,Coverage@K,Time_fit,Time_predict
5,0.05180285533304098,0.04951476951899425,0.025924410011531777,0.03826516579564309,0.04900842905044556,0.09852360765969888,0.1889379502672554,,
10,0.08716660517932262,0.08631392917773202,0.030210306765865513,0.051427957981012365,0.057671066373586655,0.1653267066218389,0.26864977922379735,,
20,0.14357474277628798,0.14325916043924272,0.03439830245106389,0.06821288280762974,0.06375999748706818,0.2543487794182137,0.372995584475947,,
100,0.34882717368517185,0.34882205747409156,0.04051019124487362,0.1135622584646769,0.0699969008564949,0.5219997076450811,0.7285614687427376,,
