,Precision@k,Recall@K,MAP@K,nDCG@k,MRR@k,HitRate@k,Coverage@K,Time_fit,Time_predict
5,0.01963937621832359,0.006597326667278695,0.010138076673164393,0.019654564325606277,0.040245287120342255,0.07992202729044834,0.07916904625928041,2.807849407196045,3.6023364067077637
10,0.02319456047526223,0.012978510135570618,0.008168559519143736,0.021358379455109957,0.04824947938323021,0.14230019493177387,0.10536836093660765,2.807849407196045,3.6023364067077637
20,0.028602787711359576,0.022264668861745513,0.0072267350162905164,0.02358848361667698,0.05322187393903732,0.21539961013645223,0.14070531125071387,2.807849407196045,3.6023364067077637
100,0.09764658193186712,0.09684675020642444,0.008719772994286659,0.04721424978504551,0.06029810756444931,0.5087719298245614,0.28997715591090806,2.807849407196045,3.6023364067077637
