,Precision@k,Recall@K,MAP@K,nDCG@k,MRR@k,HitRate@k,Coverage@K,Time_fit,Time_predict
5,0.002432580468473113,0.002076194401309246,0.001213309920417566,0.001994125132597452,0.003319156588986516,0.006637239423913394,0.008131550415612577,6.765696048736572,348.32344818115234
10,0.004033460319506007,0.003910730516502423,0.0013344377600729852,0.0026459247380825417,0.004142815712839365,0.012823404323871508,0.011384170581857608,6.765696048736572,348.32344818115234
20,0.006864868341515458,0.006844667891003159,0.0015066724592660795,0.0035784523362558597,0.004776045214384794,0.02210265167380868,0.01634441633538128,6.765696048736572,348.32344818115234
100,0.022176102856021493,0.022176102856021493,0.0018479910193672793,0.007447496992831643,0.005868278443813324,0.07329961014273287,0.04420852909288037,6.765696048736572,348.32344818115234
