,Precision@k,Recall@K,MAP@K,nDCG@k,MRR@k,HitRate@k,Coverage@K
5,0.29166666666666663,0.29166666666666663,0.24166666666666664,0.31599192783139185,0.5,0.5,1.0
10,1.0,1.0,0.38849206349206344,0.5763110958781734,0.577380895614624,1.0,1.0
20,1.0,1.0,0.38849206349206344,0.5763110958781734,0.577380895614624,1.0,1.0
100,1.0,1.0,0.38849206349206344,0.5763110958781734,0.577380895614624,1.0,1.0
