,Precision@k,Recall@K,MAP@K,nDCG@k,MRR@k,HitRate@k,Coverage@K,Time_fit,Time_predict
5,0.05023531320999675,0.047651289051948244,0.029986476252299034,0.04212059222720977,0.060361895710229874,0.10418695228821812,0.06147540983606557,330.4404218196869,16.540724992752075
10,0.07458675290953772,0.0735942812084035,0.03287970612620251,0.05159374987214364,0.067462258040905,0.1572541382667965,0.08299180327868852,330.4404218196869,16.540724992752075
20,0.11532754528894357,0.11505705365309812,0.03582442924809178,0.06424007894474425,0.07283202558755875,0.23563777994157742,0.11270491803278689,330.4404218196869,16.540724992752075
100,0.2650059571712473,0.2650059571712473,0.040253127210038944,0.09861918084741911,0.07813901454210281,0.4513145082765336,0.48309426229508196,330.4404218196869,16.540724992752075
