,Precision@k,Recall@K,MAP@K,nDCG@k,MRR@k,HitRate@k,Coverage@K,Time_fit,Time_predict
5,0.05875527426160337,0.055551745320268714,0.03443592448339284,0.04865631783221914,0.06919831037521362,0.12122687439143136,0.00665983606557377,216.80005764961243,8.426684856414795
10,0.08089210367691381,0.07983106029182564,0.036562769171645,0.05687931454929528,0.07568392157554626,0.17137293086660174,0.0117827868852459,216.80005764961243,8.426684856414795
20,0.1190017269313387,0.11871757764562207,0.03927752196187731,0.06859947036571591,0.08052379637956619,0.2439143135345667,0.02305327868852459,216.80005764961243,8.426684856414795
100,0.2877455690859397,0.2877455690859397,0.044200764024008764,0.1068681100738494,0.08589158207178116,0.47517039922103216,0.11577868852459017,216.80005764961243,8.426684856414795
