,Precision@k,Recall@K,MAP@K,nDCG@k,MRR@k,HitRate@k,Coverage@K,Time_fit,Time_predict
5,0.05054570178550314,0.014054743803308838,0.03184608129641829,0.051090854760170015,0.09029518812894821,0.15326103481477726,0.24814324371005814,,
10,0.05183491878482504,0.025051385906769807,0.025038015554388296,0.0501181118932665,0.0987669974565506,0.21739725333198195,0.32471644884564455,,
20,0.06039313545231757,0.04399890186647706,0.02102876736439996,0.05188922449298257,0.10412056744098663,0.2951603912228247,0.4233980079451897,,
100,0.1535556447681376,0.15163629328050862,0.0215453023658263,0.08152850895029234,0.10935802757740021,0.5148076825622054,0.7603201105417698,,
