,Precision@k,Recall@K,MAP@K,nDCG@k,MRR@k,HitRate@k,Coverage@K,Time_fit,Time_predict
5,0.07013934247768343,0.018931750119554034,0.04276534944480731,0.06992501893067044,0.12412366271018982,0.21587197909862835,0.04527120263241694,2.8283298015594482,7.0438196659088135
10,0.07153976548163354,0.03319101979228137,0.03318370493261048,0.06814645893642553,0.13559040427207947,0.30143696930111036,0.06076849591338499,2.8283298015594482,7.0438196659088135
20,0.0802861300236243,0.05586942267011959,0.02684255487697958,0.06836300019848203,0.14264068007469177,0.4033311561071195,0.08045855004776563,2.8283298015594482,7.0438196659088135
100,0.18073077032846474,0.17798713119032897,0.025053930974028155,0.09794145620434593,0.14821316301822662,0.6332462442847812,0.16346460036089588,2.8283298015594482,7.0438196659088135
