,Precision@k,Recall@K,MAP@K,nDCG@k,MRR@k,HitRate@k,Coverage@K,Time_fit,Time_predict
5,0.04861862300833212,0.04631860592901458,0.02606425311439198,0.03737551279203494,0.049286168,0.0935535740388832,0.12727691952962877,3.746150493621826,45.1840922832489
10,0.07677913049934686,0.07595636937675342,0.029593039549786686,0.047939704622269465,0.056305524,0.14676216927349803,0.16324648374452386,3.746150493621826,45.1840922832489
20,0.11707560978981747,0.11677480376336022,0.032489715123276385,0.0598293445145579,0.06065111,0.2115187838035375,0.20221351164399354,3.746150493621826,45.1840922832489
100,0.2852128661638989,0.2852083894792037,0.03707089547611813,0.0966543411885519,0.06613928,0.4506651074404327,0.37122434862808396,3.746150493621826,45.1840922832489
