,Precision@k,Recall@K,MAP@K,nDCG@k,MRR@k,HitRate@k,Coverage@K,Time_fit,Time_predict
5,0.05662671149442089,0.05407736211202644,0.029581648232064835,0.04262344989446233,0.05521853640675545,0.1039321736588218,0.0747060179847821,0.48648548126220703,5.44692850112915
10,0.0901655633748895,0.08917670900482716,0.03367907161402787,0.05508272943402982,0.06306751072406769,0.16488817424353164,0.09522711551763892,0.48648548126220703,5.44692850112915
20,0.14244057707052632,0.14209013224277578,0.03752567085942216,0.07071134945165548,0.06885822862386703,0.2502558105540126,0.1224348628083929,0.48648548126220703,5.44692850112915
100,0.3421582705276379,0.34215219502698013,0.04345637924925445,0.11487298641269102,0.07505589723587036,0.5104516883496565,0.24878948581969104,0.48648548126220703,5.44692850112915
