,Precision@k,Recall@K,MAP@K,nDCG@k,MRR@k,HitRate@k,Coverage@K,Time_fit,Time_predict
5,0.05290097805706179,0.017585873636683104,0.031560600685822386,0.05221458732273385,0.09314913,0.16578827345056504,0.1419784436544213,75.16496729850769,1352.5463621616364
10,0.057086149701692186,0.032117782137824305,0.025108250132657217,0.05241946096954907,0.10312473,0.24135204986570719,0.16421195192144913,75.16496729850769,1352.5463621616364
20,0.07206208074343876,0.057322538177292374,0.021863825779918893,0.056299433101856235,0.109435596,0.33297015152282977,0.191524180350996,75.16496729850769,1352.5463621616364
100,0.19058378751454016,0.18892952867992754,0.02341170679254782,0.09168215081598612,0.115487814,0.5836618861805098,0.28175610857175104,75.16496729850769,1352.5463621616364
