,Precision@k,Recall@K,MAP@K,nDCG@k,MRR@k,HitRate@k,Coverage@K,Time_fit,Time_predict
5,0.058723723723723725,0.012896265589966196,0.0338277027027027,0.05821503560845468,0.107454956,0.20135135135135135,0.08634103304459416,,
10,0.06025168025168025,0.02397242900969494,0.026156753621535366,0.05759606407981021,0.1197385,0.29324324324324325,0.12383702277831247,,
20,0.06942306577368496,0.042862940117887736,0.021844588437162967,0.05985354100832796,0.12745817,0.40405405405405403,0.17568976580044915,,
100,0.16072617055773109,0.15631146772760748,0.02063625658862215,0.08840311395221483,0.13398877,0.668918918918919,0.39064003849855633,,
