,Precision@k,Recall@K,MAP@K,nDCG@k,MRR@k,HitRate@k,Coverage@K,Time_fit,Time_predict
5,0.018930489043680162,0.017402460133927794,0.01062206743094858,0.015555817617301565,0.022210130468010902,0.039616891597736174,0.1438129786376461,,
10,0.03162993829080029,0.03065311595156919,0.01230082428656656,0.02040602480510257,0.02556837536394596,0.06486721811057902,0.23879484079000404,,
20,0.04938641099918226,0.048846802985625305,0.013754663167567453,0.026039978097089404,0.0277866143733263,0.09664780148019156,0.36684804514308744,,
100,0.10696243826507235,0.10674637812904851,0.015643384932636506,0.039238308620454035,0.029748696833848953,0.17762298650413583,0.7213422007255139,,
