,Precision@k,Recall@K,MAP@K,nDCG@k,MRR@k,HitRate@k,Coverage@K,Time_fit,Time_predict
5,0.02425627630242345,0.02314237771175872,0.014207178445315147,0.020104464427658442,0.028421128,0.04745319982585982,0.13905683192261184,,
10,0.03756487067327294,0.0368446522006509,0.01594826547010555,0.025173952536611775,0.031927776,0.07400957771005659,0.22629987908101573,,
20,0.055645714646956,0.055209338707057465,0.017472798210605267,0.0307572148508741,0.033741847,0.10056595559425337,0.34814590890769853,,
100,0.11658081527993837,0.11643222496151424,0.01950638010104273,0.0448353979960531,0.035867106,0.18981279930343928,0.688129786376461,,
