,Precision@k,Recall@K,MAP@K,nDCG@k,MRR@k,HitRate@k,Coverage@K
5,0.0008519961051606621,0.0006680731364275668,0.0003854268094774424,0.0007900716228004853,0.0017039923,0.0034079844206426485,0.990265271355561
10,0.002904901006166829,0.0027899203023780605,0.0006205854623576143,0.001516464547188187,0.0022785582,0.007789678675754625,1.0
20,0.00528937638021778,0.005252015169536218,0.0007579827813642525,0.002209315094328047,0.0026002957,0.01314508276533593,1.0
100,0.027707495792361956,0.027707495792361956,0.001202261262716357,0.0071142899136969,0.0037370136,0.07010710808179163,1.0
