,Precision@k,Recall@K,MAP@K,nDCG@k,MRR@k,HitRate@k,Coverage@K,Novelty@K,Diversity@k,Time_fit,Time_predict
5,0.0019321394910461827,0.0017756159956913962,0.0007618598806157713,0.00122652795150366,0.0013352183474709392,0.003770028275212064,0.9346001974333662,8.949149263597459,0.9879406836533575,0.00900721549987793,0.43429136276245117
10,0.002993020959561959,0.002949822718908487,0.000880982301811708,0.0016613644180009722,0.0017905764253549363,0.00706880301602262,0.9962981243830207,8.94521967038427,0.9873526492999048,0.00900721549987793,0.43429136276245117
20,0.005225088295305072,0.0052088778823735915,0.0010299212574761665,0.002366594868242175,0.002195654374983123,0.013195098963242224,1.0,8.944243204346634,0.987602379966853,0.00900721549987793,0.43429136276245117
100,0.022980857802876543,0.022980857802876543,0.0013715562769816565,0.006486859298486903,0.003258187293171485,0.06597549481621112,1.0,8.938594697997368,0.9874673093250935,0.00900721549987793,0.43429136276245117
