,Precision@k,Recall@K,MAP@K,nDCG@k,MRR@k,HitRate@k,Coverage@K,Time_fit,Time_predict
5,0.018735224586288415,0.015223014674809635,0.009928092986603625,0.015889844842639677,0.024783295,0.0508274231678487,0.03812316715542522,24.19893765449524,1.1999099254608154
10,0.0270333783631656,0.025729978704310055,0.010077732859626645,0.019311912090076416,0.029963601,0.08865248226950355,0.06572365016387786,24.19893765449524,1.1999099254608154
20,0.047002057068779725,0.04669861802401321,0.011307935226221371,0.025487658301455274,0.03311285,0.13356973995271867,0.10125927203726065,24.19893765449524,1.1999099254608154
100,0.12561326259976674,0.12561326259976674,0.013516605703389068,0.0465739093000541,0.037865352,0.33451536643026003,0.29084008970156977,24.19893765449524,1.1999099254608154
