,Precision@k,Recall@K,MAP@K,nDCG@k,MRR@k,HitRate@k,Coverage@K,Time_fit,Time_predict
5,0.02255713159968479,0.019896056896803443,0.01437286577357499,0.02063340010528247,0.030969268,0.04964539007092199,0.003450060376056581,22.49383544921875,1.0052824020385742
10,0.02833220758752674,0.027586133270390455,0.014122575328178727,0.022771066434122512,0.034846056,0.07919621749408984,0.0053475935828877,22.49383544921875,1.0052824020385742
20,0.04218812920520647,0.04202050870513917,0.0151342000898519,0.02750962266428339,0.037482295,0.11702127659574468,0.009660169052958427,22.49383544921875,1.0052824020385742
100,0.11292904089952556,0.11292904089952556,0.01702675349599983,0.04603043345427403,0.041652635,0.30969267139479906,0.039503191305847854,22.49383544921875,1.0052824020385742
