,Precision@k,Recall@K,MAP@K,nDCG@k,MRR@k,HitRate@k,Coverage@K,Time_fit,Time_predict
5,0.11517498565691338,0.02004576960109725,0.0798999808758845,0.11863160680790806,0.19553643465042114,0.3087779690189329,0.02433976322543257,,
10,0.10968253968253969,0.034848193754753704,0.06255504579596867,0.11262791589187236,0.20950770378112793,0.4117039586919105,0.035350608494080636,,
20,0.11014814140480896,0.0606138201323173,0.049476098741836005,0.10825869607288248,0.2169026881456375,0.5197934595524957,0.05108038744929216,,
100,0.20755828814971164,0.19970486566118822,0.04145669287816047,0.13802810277788052,0.2229655236005783,0.7576592082616179,0.1168970941303088,,
