,Precision@k,Recall@K,MAP@K,nDCG@k,MRR@k,HitRate@k,Coverage@K,Time_fit,Time_predict
5,0.02566170388751034,0.01808420470184216,0.012569272125723742,0.024537716717977918,0.05101323500275612,0.10049627791563276,0.45776566757493187,2.6920979022979736,0.38193678855895996
10,0.039113395565008466,0.036453756575050816,0.011888341415511152,0.030978536092754468,0.06403462588787079,0.20099255583126552,0.5177111716621253,2.6920979022979736,0.38193678855895996
20,0.07405652795900282,0.07354579317407448,0.014376065448581315,0.04562734381681519,0.07352381944656372,0.3424317617866005,0.6076294277929155,2.6920979022979736,0.38193678855895996
100,0.3236328560191755,0.3236328560191755,0.023507257275224538,0.11878592613288141,0.08389202505350113,0.7779156327543424,0.9591280653950953,2.6920979022979736,0.38193678855895996
