,Precision@k,Recall@K,MAP@K,nDCG@k,MRR@k,HitRate@k,Coverage@K,Time_fit,Time_predict
5,0.023345740281224155,0.017179829068181666,0.011599462365591399,0.021955550920890826,0.04454094544053078,0.09181141439205956,0.1335149863760218,0.056818485260009766,0.29294610023498535
10,0.03751230848005042,0.035376315859581606,0.01198679147699885,0.02880599021158768,0.05598979815840721,0.18238213399503722,0.18256130790190736,0.056818485260009766,0.29294610023498535
20,0.07568255569291722,0.07507546543201107,0.014779206574462888,0.044770555956358725,0.06676633656024933,0.3436724565756824,0.26975476839237056,0.056818485260009766,0.29294610023498535
100,0.3693235153358416,0.3693235153358416,0.025452867054771858,0.13027665076428185,0.07799795269966125,0.8126550868486352,0.6784741144414169,0.056818485260009766,0.29294610023498535
