,Precision@k,Recall@K,MAP@K,nDCG@k,MRR@k,HitRate@k,Coverage@K,Novelty@K,Diversity@k,Time_fit,Time_predict
5,0.016736328805294323,0.01301409393775479,0.009433995123650295,0.015501005550667208,0.028265412748171365,0.050156739811912224,0.19082125603864733,4.795343585030744,0.8351280786401385,89.92672991752625,6.404756546020508
10,0.02334635351876731,0.022033178937388122,0.009107749044120143,0.01822431448555298,0.033482194689091235,0.08986415882967608,0.3072808833678399,5.021269750537799,0.8647184250814435,89.92672991752625,6.404756546020508
20,0.042622344469860414,0.04199608450086155,0.010426959022528116,0.025024567797521807,0.03780394490636928,0.15256008359456635,0.4751552795031056,5.289533156220816,0.8894892180119547,89.92672991752625,6.404756546020508
100,0.12505429737309331,0.12505429737309331,0.012618939646418706,0.04687515792180531,0.042406237272323836,0.36363636363636365,0.9083850931677019,5.964485192236937,0.9311156575682557,89.92672991752625,6.404756546020508
