,Precision@k,Recall@K,MAP@K,nDCG@k,MRR@k,HitRate@k,Coverage@K,Novelty@K,Diversity@k,Time_fit,Time_predict
5,4.588289273991459e-05,2.767398691706187e-05,2.382380969187873e-05,4.596912249663139e-05,0.00010588359863057213,0.00017647266438428687,0.5560252488801823,13.16392256590668,,0.587813138961792,157.63840198516846
10,5.196139562426224e-05,4.245007111749224e-05,1.7367151098136168e-05,4.6083336987889076e-05,0.0001251415282756828,0.00031765079589171635,0.8028490909715779,13.168180196970761,,0.587813138961792,157.63840198516846
20,6.112244050337439e-05,5.681744157140489e-05,1.6535580526644785e-05,5.067044274098583e-05,0.00013806398291544485,0.0004941234602760033,0.9609753582843592,13.169770748871372,,0.587813138961792,157.63840198516846
100,0.0004932489391596609,0.0004926491516396277,2.351439722859155e-05,0.00017047679252923137,0.00018963863293351788,0.0032470970246708786,1.0,13.168975780477348,,0.587813138961792,157.63840198516846
