,Precision@k,Recall@K,MAP@K,nDCG@k,MRR@k,HitRate@k,Coverage@K
5,7.15071507150715e-05,6.703795379537953e-05,3.8503850385038503e-05,6.308725706083314e-05,0.00010451046,0.00020627062706270627,0.8466451295093423
10,0.00015985973597359735,0.0001504689418217184,4.791208287495416e-05,0.00010054714924265218,0.00014746713,0.0005363036303630363,0.9765955253118879
20,0.0001982162501964482,0.0001963887123702018,5.006354984913696e-05,0.00011579539471194246,0.00016295596,0.0007838283828382838,0.9993871074910358
100,0.0007112193864443165,0.0007109170221183347,6.064938783191012e-05,0.0002503186816402023,0.00021403292,0.0033828382838283827,1.0
