,Precision@k,Recall@K,MAP@K,nDCG@k,MRR@k,HitRate@k,Coverage@K,Time_fit,Time_predict
5,0.0018649045521292218,0.0014846616249437083,0.0008740318447496473,0.001540257772227628,0.0027494172,0.005597305001295672,0.0028151391929934315,0.34868788719177246,6.882138729095459
10,0.002914831130690162,0.0027342434999097836,0.0009099850578181999,0.0019403335211220284,0.003384934,0.010365379632029024,0.00458763424043374,0.34868788719177246,6.882138729095459
20,0.005164081873751762,0.005092724180143802,0.0010156787498196466,0.002697482279679391,0.0040279636,0.020108836486136306,0.007611302262537796,0.34868788719177246,6.882138729095459
100,0.02450381688309408,0.02450272786504713,0.0014022264100327145,0.0075444852800085165,0.0054829777,0.09105986006737497,0.027734334271713065,0.34868788719177246,6.882138729095459
