,Precision@k,Recall@K,MAP@K,nDCG@k,MRR@k,HitRate@k,Coverage@K,Time_fit,Time_predict
5,0.02150747238466537,0.00822267141501601,0.011268816330950834,0.020467707823851145,0.03851527348160744,0.07992202729044834,0.004069103369503141,20.015747785568237,1.105501413345337
10,0.026426792289365387,0.017145597245884797,0.009149587191204542,0.022568962605515882,0.04722435399889946,0.14619883040935672,0.006853226727584237,20.015747785568237,1.105501413345337
20,0.03484769356598698,0.02975011805876532,0.008286996655211334,0.02577789610979539,0.05271628126502037,0.22612085769980506,0.011207881210736723,20.015747785568237,1.105501413345337
100,0.09601801794595205,0.09531275055289841,0.009302500475699558,0.04599015477762269,0.058731600642204285,0.4775828460038986,0.03526556253569389,20.015747785568237,1.105501413345337
