,Precision@k,Recall@K,MAP@K,nDCG@k,MRR@k,HitRate@k,Coverage@K,Time_fit,Time_predict
5,0.02014294996751137,0.00752701734991442,0.010705815464587395,0.019485894591183304,0.03763807937502861,0.07748538011695906,0.019203312392918333,30.591991662979126,1.2775304317474365
10,0.02364495343296513,0.014057856669811561,0.008866896674740938,0.021305053073694184,0.04528914764523506,0.13742690058479531,0.029554540262707023,30.591991662979126,1.2775304317474365
20,0.033384841264924275,0.027390626962074636,0.008202058154008169,0.025254254380587888,0.05122847855091095,0.22709551656920077,0.043403769274700174,30.591991662979126,1.2775304317474365
100,0.10054854176586894,0.09965783564329128,0.009531642820510241,0.04848577413073352,0.05792135372757912,0.5087719298245614,0.10572529982866934,30.591991662979126,1.2775304317474365
