,Precision@k,Recall@K,MAP@K,nDCG@k,MRR@k,HitRate@k,Coverage@K,Time_fit,Time_predict
5,9.645268459972137e-05,9.086122462292593e-05,4.1915240714940644e-05,6.213246982742517e-05,6.192024011397734e-05,0.00017861608259207658,0.0060117771700298125,2.7666354179382324,298.70526027679443
10,0.0001357482227699782,0.00013372908444502432,4.6832144544072534e-05,8.041093990032205e-05,8.077416714513674e-05,0.00032150894866573784,0.009042304186069432,2.7666354179382324,298.70526027679443
20,0.00034175210469283986,0.000340477200045353,6.057486868831622e-05,0.00015192512676050828,0.0001246978936251253,0.001000250062515629,0.01406033130476918,2.7666354179382324,298.70526027679443
100,0.0016024659871107596,0.0016024659871107596,8.951786725865396e-05,0.0004347983498875521,0.00019457985763438046,0.004179616332654592,0.051075467514228694,2.7666354179382324,298.70526027679443
