,Precision@k,Recall@K,MAP@K,nDCG@k,MRR@k,HitRate@k,Coverage@K,Time_fit,Time_predict
5,0.00011252813203300827,0.00011252813203300827,5.852653639600376e-05,8.023113837511913e-05,8.69265e-05,0.0002143392991104919,0.011645765064347368,0.9184956550598145,390.6053087711334
10,0.00016373140904273685,0.00016226045306844914,6.485252265447314e-05,0.0001066183698917859,0.000119772005,0.00046440181473939913,0.01681162276919539,0.9184956550598145,390.6053087711334
20,0.00031906114571738964,0.0003187039135522055,7.577627983766117e-05,0.0001618012929838967,0.00015745127,0.001000250062515629,0.025541840162285133,0.9184956550598145,390.6053087711334
100,0.0019212219872149375,0.0019212219872149375,0.00010623579939731119,0.000496474907435797,0.0002283441,0.0045368484978387455,0.08960176082653723,0.9184956550598145,390.6053087711334
