,Precision@k,Recall@K,MAP@K,nDCG@k,MRR@k,HitRate@k,Coverage@K,Time_fit,Time_predict
5,0.11427044777252623,0.02582708567635619,0.0823457218963739,0.11909244688859445,0.1965825855731964,0.298229030237458,0.12064677991578156,1579.7963418960571,148.35249876976013
10,0.10618968529651293,0.042631608713761836,0.0635433872842816,0.11025987566217119,0.20835848152637482,0.38702807357212005,0.16779584212911283,1579.7963418960571,148.35249876976013
20,0.10574788790428952,0.06759633008859017,0.05037115529991889,0.10440328729663195,0.21485809981822968,0.48078127669267123,0.22793134318460637,1579.7963418960571,148.35249876976013
100,0.17937361779569996,0.17561356439197173,0.042774707994328545,0.12565259299432174,0.2202727049589157,0.698194863618245,0.43617856077100764,1579.7963418960571,148.35249876976013
