,Precision@k,Recall@K,MAP@K,nDCG@k,MRR@k,HitRate@k,Coverage@K,Time_fit,Time_predict
5,0.12058235104303096,0.03058958022267253,0.08801227467430986,0.12655671931620063,0.2095210999250412,0.3096748476738227,0.05043159186109484,18.613473653793335,766.4418861865997
10,0.11068500456006863,0.04844872319742511,0.06728243458295441,0.11583581038689716,0.22073549032211304,0.39412334149535905,0.07015992661280518,18.613473653793335,766.4418861865997
20,0.11020563201137573,0.07423174856431461,0.05359927856691282,0.10904481801846144,0.22684773802757263,0.48262627413017484,0.09941533394489328,18.613473653793335,766.4418861865997
100,0.17795867039844215,0.17468778918124347,0.046214727243364256,0.12753379063715997,0.23187628388404846,0.6861226581629748,0.23192121928845366,18.613473653793335,766.4418861865997
