,Precision@k,Recall@K,MAP@K,nDCG@k,MRR@k,HitRate@k,Coverage@K,Time_fit,Time_predict
5,0.06334089658965897,0.04672533554980197,0.0428443000550055,0.06641863169957486,0.12627888,0.18510726072607261,0.017630683575626353,523.3022429943085,626.1954829692841
10,0.07177581002147834,0.06609594915992956,0.03763456975657883,0.06636270735519552,0.13318612,0.2376237623762376,0.029533399777754866,523.3022429943085,626.1954829692841
20,0.09275871294956754,0.09137224637586061,0.03748114255817307,0.07248512249906812,0.1373986,0.29876237623762375,0.05052640020162445,523.3022429943085,626.1954829692841
100,0.19386876482474288,0.19383115364256442,0.04073333184761702,0.09976700674150407,0.14156583,0.4751237623762376,0.17181038136806773,523.3022429943085,626.1954829692841
