,Precision@k,Recall@K,MAP@K,nDCG@k,MRR@k,HitRate@k,Coverage@k,Diversity@k,Novelty@k
0,0.017843108717799445,0.0019549908870740013,0.009534759617716973,0.019125732581633925,0.04402076452970505,0.08237520011643137,0.38481378314247394,,451.5563769737062
1,0.016951276702404632,0.003441218477792303,0.0061707590910035975,0.01805797704101572,0.051738616079092026,0.1416096638043953,0.6945218198700093,,656.7018484541499
2,0.017926086612123138,0.0072181976017263155,0.004162467569947533,0.01826895333779072,0.05904851481318474,0.24901761024596128,0.8136799752398638,,931.3149704156256
3,0.04465698242723033,0.0390170284203885,0.0037876140421592764,0.032970285146649216,0.06872926652431488,0.6827244942512007,0.823480862478077,,1778.9116355299386
