,Precision@k,Recall@K,MAP@K,nDCG@k,MRR@k,HitRate@k,Coverage@K,Time_fit,Time_predict
5,2.7983186272758665e-05,2.6792412388811488e-05,1.5331213755819908e-05,2.8698948040960198e-05,6.251563e-05,0.00010716964955524595,0.005978925928663529,1.502026081085205,1148.2663686275482
10,5.8347920313411676e-05,5.5891949177770626e-05,1.829160993952192e-05,4.37094762051385e-05,8.136955e-05,0.00025006251562890725,0.008845196737871732,1.502026081085205,1148.2663686275482
20,0.00013784958844753205,0.00013688208466682496,2.3687272029031837e-05,6.988530781860013e-05,9.879444e-05,0.0005001250312578145,0.013099432494805397,1.502026081085205,1148.2663686275482
100,0.001301100247999306,0.001301100247999306,4.4910172365516976e-05,0.00030451512704134765,0.00014200294,0.0028578573214732253,0.03454308029664671,1.502026081085205,1148.2663686275482
