,Precision@k,Recall@K,MAP@K,nDCG@k,MRR@k,HitRate@k,Coverage@K,Time_fit,Time_predict
5,0.05985194861746136,0.01713233506137943,0.03381558893969083,0.05852493373836593,0.10812106,0.20117570215545394,0.13839672187914814,,
10,0.06678680289882118,0.033572612015051115,0.027026215344376135,0.05979962519430036,0.12038052,0.29359895493141736,0.19316673399896117,,
20,0.08201766989308976,0.05997323502326598,0.023098178944259994,0.06360285105298953,0.12781754,0.40169823644676683,0.27021411669648526,,
100,0.18125057066950812,0.1787758295428936,0.022775835169443318,0.09392084736238765,0.13337077,0.6276943174395819,0.5336180527500433,,
