,Precision@k,Recall@K,MAP@K,nDCG@k,MRR@k,HitRate@k,Coverage@K,Novelty@K,Diversity@k,Time_fit,Time_predict
5,0.01699913269731136,0.002172397379325666,0.007623590633130962,0.01620680974970959,0.03447528187337381,0.07545533391153512,0.8413969881448253,6.859789408656217,0.9544117868703648,0.07699441909790039,0.19452190399169922
10,0.015447624554302784,0.0034877187226377056,0.00491781274521951,0.015152135485832927,0.04079901981029474,0.12489158716392021,0.9727651393784044,6.83721478084852,0.9538906933864458,0.07699441909790039,0.19452190399169922
20,0.017158407215406186,0.00710661316445324,0.0035463512210251093,0.01577587030803051,0.046852838932223966,0.21335646140503037,1.0,6.841550503911378,0.9539949487921863,0.07699441909790039,0.19452190399169922
100,0.03685756591142031,0.0336550060692047,0.002617080229017197,0.0238376955877498,0.054231263485405634,0.5212489158716392,1.0012816404998397,6.818139337465108,0.9538164087544755,0.07699441909790039,0.19452190399169922
