,Precision@k,Recall@K,MAP@K,nDCG@k,MRR@k,HitRate@k,Coverage@K
5,0.01257606490872211,0.0017370779967300185,0.00561528059499662,0.012192188989871485,0.026386073,0.060851926977687626,1.0
10,0.01589032164589974,0.003644110556873658,0.004350242012513818,0.01461250759940687,0.03629101,0.1359026369168357,1.0
20,0.01711135049250241,0.007026404900528867,0.003164398872112592,0.01522710108452198,0.0418188,0.21805273833671399,1.0
100,0.03521798179272048,0.03263701746272352,0.0022827801994245943,0.022970675267400074,0.049213827,0.5385395537525355,1.0
