,Precision@k,Recall@K,MAP@K,nDCG@k,MRR@k,HitRate@k,Coverage@K
5,0.0020248203788373613,0.0005971313154439595,0.0009579795340735903,0.0019555342581994793,0.0043544527,0.008817766165904637,0.9733043201358667
10,0.0018134480005805934,0.0008058190786804222,0.0006236025145234813,0.0017531138215694506,0.0050415746,0.014043109079033311,0.9991508332448784
20,0.001886244210510711,0.0012373072270402963,0.00045646435258601676,0.0016411493410983156,0.0054874904,0.021227955584585238,1.0
100,0.005859497515837383,0.0057449781833825275,0.00040533268844614135,0.0026768723789190227,0.0067482307,0.08360548661005879,1.0
