,Precision@k,Recall@K,MAP@K,nDCG@k,MRR@k,HitRate@k,Coverage@K,Novelty@K,Diversity@k,Time_fit,Time_predict
5,0.0014315460697553357,0.0003401271341680249,0.0007739024813465209,0.0015250634280993816,0.0034790907513447857,0.00676730869338886,0.6626393541655226,10.555023173969792,0.9793453862613686,0.1487576961517334,1.9238440990447998
10,0.0014650107830742917,0.0004919013746112771,0.0005523536848367666,0.0015293152084772921,0.004326243771845021,0.01327433628318584,0.9015871272447691,10.544161696826029,0.9794111513253961,0.1487576961517334,1.9238440990447998
20,0.00181740190654617,0.001067027965425846,0.0004318360166182005,0.0016664124103581827,0.005207191925643519,0.02680895366996356,1.0175737272777199,10.572369679796452,0.9795426323438353,0.1487576961517334,1.9238440990447998
100,0.00579013512927845,0.005628312715122507,0.00040637582149076403,0.002982146550377941,0.006936032620131689,0.11009890681936492,1.0347630292712395,10.603675907727878,0.979516226014646,0.1487576961517334,1.9238440990447998
