,Precision@k,Recall@K,MAP@K,nDCG@k,MRR@k,HitRate@k,Coverage@K,Time_fit,Time_predict
5,0.0001397577532277386,0.00013448910776875638,6.710590531966812e-05,8.800288908584855e-05,8.041617e-05,0.00016637827765206975,0.4360079348792667,0.6717171669006348,210.27042818069458
10,0.00024291228537202185,0.00023861417986601003,7.871541180472366e-05,0.00012131359053274923,0.000100011835,0.0003327565553041395,0.5558177713933922,0.6717171669006348,210.27042818069458
20,0.00034757388224098556,0.00034457081422515246,8.494627396071548e-05,0.00015622012244112619,0.00012710544,0.0007320644216691069,0.6698645598194131,0.6717171669006348,210.27042818069458
100,0.0018065828985236385,0.0018063889482690667,0.00011636380120187829,0.0004620962444682255,0.00020119312,0.0043258352189538135,0.875880703194473,0.6717171669006348,210.27042818069458
