,Precision@k,Recall@K,MAP@K,nDCG@k,MRR@k,HitRate@k,Coverage@K,Time_fit,Time_predict
5,0.07804204993429699,0.06289378120198509,0.04752682873412177,0.07545938563284081,0.13941744,0.22890932982917214,0.07826478728197207,,
10,0.08638612519033016,0.08231644454112018,0.04339804685805796,0.07627528681532916,0.14862758,0.29776609724047304,0.11237690673875265,,
20,0.10713153212727568,0.10660695252542199,0.04392606503834472,0.08361719952370492,0.15460025,0.38488830486202363,0.15942588659329343,,
100,0.191929201990575,0.191929201990575,0.04693478474043876,0.11021061759839694,0.15998183,0.6065703022339027,0.37800090107485357,,
