,Precision@k,Recall@K,MAP@K,nDCG@k,MRR@k,HitRate@k,Coverage@k,Diversity@k,Novelty@k
0,0.19224137931034485,0.03220763691477326,0.1331992337164751,0.19545960667615142,0.3110716640949249,0.4817444219066937,0.28,0.5164793332373024,120.06854118476603
1,0.19075308284233233,0.05578435091281725,0.11038077236002958,0.19194759821679314,0.3295542597770691,0.6186612576064908,0.3824,0.5455032256009216,190.52789679900584
2,0.18863910284479365,0.0938923609605343,0.09041864508114957,0.18458075080101544,0.3362174332141876,0.7119675456389453,0.50112,0.5853002129981404,316.81754073681356
3,0.29860775087212726,0.2816315731541264,0.07501878960742919,0.21892404511442412,0.3404208719730377,0.8823529411764706,0.75744,0.7019937784908648,1106.2806845314374
