,Precision@k,Recall@K,MAP@K,nDCG@k,MRR@k,HitRate@k,Coverage@k,Diversity@k,Novelty@k
0,0.20343137254901963,0.03432294461946812,0.13987491548343478,0.20495068570532238,0.31850913166999817,0.5020283975659229,0.28576,0.5441507978968525,84.18722398009427
1,0.1958981293666892,0.05940129440983631,0.11385452616551091,0.1977063441383731,0.33599841594696045,0.6308316430020284,0.3856,0.5749569924347827,141.9721287444488
2,0.19195273801247367,0.09656470956291059,0.09287663948719584,0.18925255250134762,0.3421747088432312,0.7200811359026369,0.49888,0.6107273860297191,242.51353450973576
3,0.31423294710953503,0.2975956137125785,0.0787575839239517,0.22754874337905054,0.3466205894947052,0.8945233265720081,0.74208,0.7206918396677937,923.1617736256707
