,Precision@k,Recall@K,MAP@K,nDCG@k,MRR@k,HitRate@k,Coverage@K,Novelty@K,Diversity@k,Time_fit,Time_predict
5,0.1825383058687482,0.03312876809584651,0.12423532812951721,0.18729777299354072,0.3088175773344898,0.48482220294882916,0.12672,4.190138563250104,0.6230480435823355,0.7909009456634521,0.27224040031433105
10,0.18285184267404564,0.06030170076694166,0.10070674516313223,0.18356541636026694,0.3275041644295764,0.6227233304423244,0.16992,4.270349113892263,0.6514415286695567,0.7909009456634521,0.27224040031433105
20,0.18821244494632536,0.1024583366066209,0.08228606644757065,0.1795557451446703,0.33479720138980273,0.7267996530789246,0.2336,4.3824196287017845,0.6852685995583208,0.7909009456634521,0.27224040031433105
100,0.32032728408485195,0.3045523783131311,0.07395811641593578,0.2248387925615498,0.33988454015960023,0.9184735472679966,0.45664,4.723435105805683,0.7698205923470562,0.7909009456634521,0.27224040031433105
