,Precision@k,Recall@K,MAP@K,nDCG@k,MRR@k,HitRate@k,Coverage@K
5,0.06630260235749673,0.014472520996683865,0.050905203449563105,0.07077014042026478,0.1164705902338028,0.164500882637663,0.0015915295261883973
10,0.05914843769066194,0.02301316333116266,0.03854011212423015,0.0635703190201372,0.12244372069835663,0.20950970901429303,0.0018899413123487218
20,0.058679801124775326,0.03695318752050036,0.030518002784016517,0.059667604884144895,0.1267423927783966,0.27138545640908834,0.002354137424153671
100,0.09089027808630726,0.0890288831682524,0.023710307841302042,0.0664332909877733,0.13103564083576202,0.4477193781675303,0.00498458205771505
