,Precision@k,Recall@K,MAP@K,nDCG@k,MRR@k,HitRate@k,Coverage@K,Time_fit,Time_predict
5,0.06456020030481167,0.016848744973597642,0.039984850134262284,0.06558399335448006,0.11973656713962555,0.20411495754408884,0.05863680960350898,,
10,0.06641239774812603,0.029793789881693143,0.030976681072070793,0.06393801232908035,0.13038811087608337,0.2844546048334422,0.0885323483580539,,
20,0.07716317175399899,0.053743764328302385,0.025261630658946033,0.06478465776770113,0.13764435052871704,0.3876551273677335,0.13222138858429042,,
100,0.16586132348579852,0.16331633427856612,0.022845236519279416,0.09054102643707229,0.14334896206855774,0.6136512083605487,0.31523056501413976,,
