,Precision@k,Recall@K,MAP@K,nDCG@k,MRR@k,HitRate@k,Coverage@k,Diversity@k,Novelty@k
0,0.015033222591362128,0.009371391199822462,0.007556755260243631,0.012689998919888385,0.020930232480168343,0.04401993355481727,0.11387644722386546,,47.381471679977906
1,0.020807625375731685,0.01703698895516842,0.007050632591537907,0.01448847878881465,0.02447957918047905,0.07142857142857142,0.14987746133693908,,56.51582992173763
2,0.028827426676861737,0.026027738629928014,0.007036501190428673,0.01697887215865048,0.02664618380367756,0.10465116279069768,0.18828699399983098,,67.65641229788213
3,0.06765782358833845,0.06739037248360108,0.007711281379656698,0.027459619391509302,0.029209263622760773,0.21511627906976744,0.24313360939744783,,113.47008681096773
