,Precision@k,Recall@K,MAP@K,nDCG@k,MRR@k,HitRate@k,Coverage@K,Time_fit,Time_predict
5,0.0006560163154316791,0.0004523800853473266,0.00041253115794244276,0.0006761043320360883,0.001373782055452466,0.0022773623385452073,0.00018340210912425492,,
10,0.0005601550613447282,0.00047612206119646266,0.0003394789821661726,0.0005946936707137563,0.0014185630716383457,0.0025832766825288917,0.00022201307946620333,,
20,0.0005517907026681938,0.0005192968899906981,0.0003132810022141911,0.000562798556460365,0.0014457301003858447,0.0029571719918422843,0.0003040613914428437,,
100,0.0009038816550330275,0.0009014212661893838,0.00031041719133697795,0.0006303201855767793,0.0014934217324480414,0.005030591434398368,0.0006467337532276358,,
