,Precision@k,Recall@K,MAP@K,nDCG@k,MRR@k,HitRate@k,Coverage@K,Time_fit,Time_predict
5,0.025065978198508317,0.004608658554006832,0.014718301778542742,0.02686065128517331,0.057395298,0.10017211703958692,0.00934761441090555,49.67245173454285,5.7018420696258545
10,0.020760046990683824,0.007145036363036719,0.009488498210529193,0.022948606974842006,0.06269527,0.14010327022375216,0.01350210970464135,49.67245173454285,5.7018420696258545
20,0.024434250491424787,0.013517494391340095,0.007298312339955298,0.02360654854022026,0.06810567,0.22134251290877796,0.01908471275559883,49.67245173454285,5.7018420696258545
100,0.05006083442350986,0.047523201671426936,0.006092680243149967,0.03311592353866017,0.0742699,0.4836488812392427,0.043622200584225904,49.67245173454285,5.7018420696258545
