,Precision@k,Recall@K,MAP@K,nDCG@k,MRR@k,HitRate@k,Coverage@K,Time_fit,Time_predict
5,0.11530571992110454,0.03116106909190899,0.07442094017094018,0.11452197351107818,0.19085798,0.3207100591715976,0.2022023233301065,,
10,0.11671855921855923,0.054044948282579316,0.06045228982454257,0.11249203485830407,0.20630413,0.4372781065088757,0.2598015488867377,,
20,0.13343775717019346,0.09232051661718592,0.05255681847547833,0.11667160889100518,0.21499358,0.5597633136094674,0.32635527589545016,,
100,0.27875440853443795,0.2731365118786741,0.0513652814968587,0.16535321281722895,0.2210923,0.8041420118343195,0.5189980638915779,,
