,Precision@k,Recall@K,MAP@K,nDCG@k,MRR@k,HitRate@k,Coverage@K,Novelty@K,Diversity@k,Time_fit,Time_predict
5,0.005226209048361935,0.00449672429553447,0.0027854305661588166,0.00414017364388725,0.005811509056106924,0.011086400902844625,0.003746856233639583,7.352846227737245,0.9406213005421235,19.11417841911316,197.90317606925964
10,0.007873270351280109,0.007450536270146233,0.002934227806786159,0.005109953236433358,0.006800391569867455,0.018587977561655658,0.005834146007630584,7.669200753941496,0.9487799053719367,19.11417841911316,197.90317606925964
20,0.011841477435177727,0.011636476929010972,0.0031500943623868393,0.006374017331668782,0.0075239586530436685,0.02907690775716135,0.009649437971564954,7.973500866212362,0.9553667672306736,19.11417841911316,197.90317606925964
100,0.0298248883484626,0.029809405565354084,0.00365699139572455,0.010794018954858008,0.008319537799050036,0.06419490822186079,0.031018494756112167,8.770842874220527,0.9641475247199159,19.11417841911316,197.90317606925964
