,Precision@k,Recall@K,MAP@K,nDCG@k,MRR@k,HitRate@k,Coverage@K,Time_fit,Time_predict
5,0.004711278228847775,0.003931065187287272,0.002413446322670334,0.003710994692358179,0.0052886107,0.010648209769732464,0.004685683015254121,27.342490434646606,34.41903805732727
10,0.007511900008239686,0.007065937854334792,0.002611017813098097,0.004763026730736935,0.006308708,0.01843471316384933,0.007712565838976674,27.342490434646606,34.41903805732727
20,0.011107045346430307,0.010888538731853895,0.0027898065673847383,0.0059040947137367706,0.00694243,0.02778517236789565,0.012004925097475888,27.342490434646606,34.41903805732727
100,0.02825892235647022,0.02824365296263566,0.0032839800092302925,0.010172881718306612,0.007731153,0.06209237321975243,0.03603187632533005,27.342490434646606,34.41903805732727
