,Precision@k,Recall@K,MAP@K,nDCG@k,MRR@k,HitRate@k,Coverage@K,Time_fit,Time_predict
5,0.004172212609255069,0.003380082047172309,0.0021911834302024637,0.003355659090621668,0.004898177,0.009450286170637562,0.007592858608659963,268.89791345596313,474.7791278362274
10,0.005768770638829204,0.005308235561351118,0.002198574677244586,0.003948071739297243,0.0056726015,0.015306801543990417,0.01161160134072098,268.89791345596313,474.7791278362274
20,0.008296377633034908,0.008079342913813488,0.002295959407776955,0.004764777148117638,0.006205615,0.02325968321575935,0.018434913468773514,268.89791345596313,474.7791278362274
100,0.022705588041358055,0.02268972442522438,0.0027099870731986113,0.008436867630925335,0.0068717264,0.05297484360441901,0.05352623298447226,268.89791345596313,474.7791278362274
