,Precision@k,Recall@K,MAP@K,nDCG@k,MRR@k,HitRate@k,Coverage@k,Diversity@k,Novelty@k
0,0.024135254451074565,0.002521634724216911,0.012746810265366518,0.02487814431873591,0.053153350949287415,0.1027506913113084,0.5278035695862994,0.3038778186291996,120.52473439673282
1,0.024947386415877175,0.004596909716626445,0.009034824686840404,0.02514094885758146,0.06360803544521332,0.18352495997671373,0.8389559475910451,0.32352466103725586,185.83432285545513
2,0.028881700814292723,0.011205276514692492,0.0067452542310185255,0.027732281491942214,0.07443840801715851,0.3437636443021394,0.9303621169916435,0.34780457929228925,279.2914705205056
3,0.05810052193336349,0.05147459241571984,0.005651621870724898,0.04384103732220203,0.08517884463071823,0.7796536166496871,0.9346951408232745,0.4270583047470876,803.8712977974955
