,Precision@k,Recall@K,MAP@K,nDCG@k,MRR@k,HitRate@k,Coverage@K,Time_fit,Time_predict
5,0.01991552956465237,0.008198474534763394,0.010048056097032706,0.019373290531220416,0.03907569870352745,0.07894736842105263,0.03416537810175981,,
10,0.025747045081840406,0.016653127449328762,0.008655357529626536,0.022055714014490642,0.04741077125072479,0.14230019493177387,0.044768426478168026,,
20,0.032341067055085396,0.026489338323566747,0.008052485606695626,0.025130649112125668,0.05257144942879677,0.21783625730994152,0.059126721154554154,,
100,0.10030762437666017,0.0994230114530182,0.009774779887903,0.04907790558328823,0.059352219104766846,0.5092592592592593,0.1150872542522642,,
