,Precision@k,Recall@K,MAP@K,nDCG@k,MRR@k,HitRate@k,Coverage@K,Novelty@K,Diversity@k,Time_fit,Time_predict
5,0.1543010752688172,0.02899032003757759,0.11167833625072934,0.15916260617466177,0.25571392848212054,0.386721680420105,0.06799531066822978,3.0224413105010317,0.6198568541129013,638.3440139293671,4.130772352218628
10,0.14472442515390752,0.04771296701790269,0.08896306583259572,0.1494238968568101,0.26961442741637787,0.49212303075768943,0.09378663540445487,3.1897592574727462,0.6542091443708371,638.3440139293671,4.130772352218628
20,0.14396948390524184,0.07866030743282199,0.07214924109112958,0.14304088177717927,0.2771267457829143,0.6016504126031508,0.12607907918576147,3.3887584436363385,0.6888882921822274,638.3440139293671,4.130772352218628
100,0.2297638465806103,0.21949354675683647,0.05777549312170215,0.16798099206324726,0.2818687517934748,0.792198049512378,0.252371309815624,4.037263326383432,0.7739359542548699,638.3440139293671,4.130772352218628
