,Precision@k,Recall@K,MAP@K,nDCG@k,MRR@k,HitRate@k,Coverage@K,Novelty@K,Diversity@k,Time_fit,Time_predict
5,0.145311327831958,0.026141554917928363,0.10463480453446695,0.14878349019193124,0.23582145536384097,0.36084021005251316,0.05584567835447085,2.88118318174998,0.5848723848610076,289.4374101161957,4.3994386196136475
10,0.1373328451160409,0.04424063529097515,0.08376595967775012,0.14073515953657345,0.24963160432965384,0.4643660915228807,0.07673451987637216,3.0373193145631134,0.6235384003274962,289.4374101161957,4.3994386196136475
20,0.13477825470393562,0.07197408329261765,0.06770962837909555,0.1340497626169464,0.25696895179728835,0.5682670667666917,0.10998614515613343,3.2313070535915753,0.6626024702603917,289.4374101161957,4.3994386196136475
100,0.2151693505707233,0.2051722568363106,0.053913188222391634,0.15763245611851467,0.26235094346123927,0.7764441110277569,0.23052328679526804,3.8797983687330544,0.7577772524569664,289.4374101161957,4.3994386196136475
