,Precision@k,Recall@K,MAP@K,nDCG@k,MRR@k,HitRate@k,Coverage@K,Time_fit,Time_predict
5,0.13143984220907298,0.03472797441113451,0.09452629848783696,0.13589663361709567,0.22382642328739166,0.342603550295858,0.11871270247229326,555.4838876724243,0.9649877548217773
10,0.12842936977552363,0.056344468695168376,0.07657004115474811,0.12996106135281327,0.23738236725330353,0.44497041420118344,0.15014919011082695,555.4838876724243,0.9649877548217773
20,0.13831977891877684,0.09336600004222494,0.06398097925118161,0.12868459604660043,0.24541758000850677,0.5603550295857989,0.19501278772378516,555.4838876724243,0.9649877548217773
100,0.26965565967251937,0.26398240084902985,0.05734919597694735,0.168793416300914,0.25085896253585815,0.7816568047337278,0.34111253196930946,555.4838876724243,0.9649877548217773
