,Precision@k,Recall@K,MAP@K,nDCG@k,MRR@k,HitRate@k,Coverage@K,Time_fit,Time_predict
5,0.125,0.03293721775735657,0.08604454306377383,0.1263332245519871,0.20790927112102509,0.3254437869822485,0.08759590792838874,201.28077697753906,0.9234287738800049
10,0.11911172161172161,0.05238066624501335,0.06871551696505909,0.11903032594741762,0.22004485130310059,0.41893491124260357,0.11274509803921569,201.28077697753906,0.9234287738800049
20,0.13159348265218254,0.08907244035898809,0.05787017334287034,0.11991348591391209,0.22833308577537537,0.5349112426035503,0.14780477408354648,201.28077697753906,0.9234287738800049
100,0.2535149267744936,0.24807705525054138,0.05222350075623585,0.15796660441780566,0.23402957618236542,0.7597633136094675,0.2786658141517477,201.28077697753906,0.9234287738800049
