,Precision@k,Recall@K,MAP@K,nDCG@k,MRR@k,HitRate@k,Coverage@K
5,0.02302994483845548,0.02032946903234324,0.01485060415024954,0.021207193514999948,0.031639084,0.05200945626477541,0.0027600483008452647
10,0.029771755037712483,0.029106945495989914,0.014674249033734849,0.023598651956790638,0.035889246,0.08392434988179669,0.004485078488873555
20,0.044071919830131846,0.04393940213112478,0.015635499375185446,0.028365698326345574,0.038172375,0.11938534278959811,0.007072623770915991
100,0.11763201018871901,0.11763201018871901,0.017557225869704405,0.04747481654629283,0.04250156,0.31678486997635935,0.026392961876832845
