,Precision@k,Recall@K,MAP@K,nDCG@k,MRR@k,HitRate@k,Coverage@K
5,0.021418128654970763,0.008316642690187942,0.01119490470002166,0.020305494179429433,0.037962962,0.0804093567251462,0.004069103369503141
10,0.02696150097465887,0.01746294365981085,0.009496281749469697,0.02295975172978078,0.046940845,0.14961013645224172,0.0065676756139348945
20,0.03635451889841249,0.031186074992533397,0.008678161132833331,0.026517380593799576,0.052608743,0.23148148148148148,0.01070816676185037
100,0.09495199742140002,0.09425973775728314,0.00961437183328354,0.0460580401585306,0.05840547,0.4775828460038986,0.034551684751570534
