,Precision@k,Recall@K,MAP@K,nDCG@k,MRR@k,HitRate@k,Coverage@K,Time_fit,Time_predict
5,0.14186460126219164,0.027920974136605797,0.09673876458213805,0.14552901889415695,0.2426047,0.3865748709122203,0.17443496978226675,,
10,0.13571305630686012,0.04919149997708517,0.07587532767936014,0.1379477098570581,0.25760114,0.4991394148020654,0.2204652703038331,,
20,0.1415188399340976,0.0841817818583009,0.06201784373856012,0.13503289477243646,0.26538432,0.6096385542168675,0.27543670833678285,,
100,0.2699180735954075,0.2612701382452,0.054693377210487525,0.17682964717356472,0.2712005,0.8330464716006885,0.4509479261528272,,
