,Precision@k,Recall@K,MAP@K,nDCG@k,MRR@k,HitRate@k,Coverage@K,Novelty@K,Diversity@k,Time_fit,Time_predict
5,0.16126307605315238,0.023467113960010805,0.11037337432852701,0.1640365699137433,0.2650621996041843,0.4243002544529262,0.17086471046481433,9.805113741868475,0.7459643246245804,798.0723452568054,0.11062431335449219
10,0.1538666915734346,0.0424524433651398,0.08741967587383648,0.15640076931693447,0.2805110431223663,0.5396522476675149,0.21435990651778758,9.795023490861402,0.7530767268826496,798.0723452568054,0.11062431335449219
20,0.1488173783354195,0.07062334371336322,0.06969132406451074,0.1483913205722845,0.28766626429906134,0.6424936386768448,0.2642820046741106,9.830939111437267,0.7640482342307794,798.0723452568054,0.11062431335449219
100,0.23713257926344664,0.2234493303123066,0.0545599361552572,0.17369776907924725,0.2926867496613892,0.8369380831212893,0.4202155284341729,10.157093017477541,0.8097440042721716,798.0723452568054,0.11062431335449219
