,Precision@k,Recall@K,MAP@K,nDCG@k,MRR@k,HitRate@k,Coverage@K,Time_fit,Time_predict
5,0.11791902556184594,0.10071384315119034,0.07785826614056156,0.1121319906615204,0.18365071713924408,0.2727740607308286,0.21392964965246086,,
10,0.14297212623254826,0.13725733076036364,0.07553471167827036,0.11883324424163308,0.19189827144145966,0.33607822954194544,0.3509794284911886,,
20,0.19386714539625122,0.19258659866658903,0.07831949048813362,0.13395244471808423,0.19767387211322784,0.41945445187853836,0.5395632942498069,,
100,0.3973133547673973,0.39716040971515654,0.08517615712908011,0.18341752515619508,0.20331837236881256,0.660833762223366,0.9386365232043811,,
