,Precision@k,Recall@K,MAP@K,nDCG@k,MRR@k,HitRate@k,Coverage@k,Diversity@k,Novelty@k
0,0.006796788482834995,0.0038707852018820764,0.0038298265042451094,0.006216790451495075,0.010672757402062416,0.022425249169435217,0.10694667455421279,0.9006519629866337,2017.0391117360937
1,0.010268681115857195,0.008348490023175458,0.00382109239044455,0.00744785627902927,0.012910339049994946,0.03986710963455149,0.13808839685624946,0.9173329299637889,2770.936206107
2,0.014056051130868817,0.012487724919591475,0.0039022879916612713,0.008811857766616676,0.014428798109292984,0.061461794019933555,0.17290627905011408,0.9331899035541797,3564.1045869904497
3,0.04233956350874127,0.04214063596862935,0.004424045269732857,0.016506664509067417,0.016667181625962257,0.16279069767441862,0.24203498690103947,0.9611064906633837,6614.173984582874
