,Precision@k,Recall@K,MAP@K,nDCG@k,MRR@k,HitRate@k,Coverage@k,Diversity@k,Novelty@k
0,0.010700442967884829,0.005620040683816308,0.006089424141749723,0.01000026488588861,0.017483387142419815,0.03322259136212625,0.10373531648778839,0.9060969688804194,1216.9476763879493
1,0.013029320255233878,0.009511489008472556,0.005366234025910106,0.010467913405963905,0.019666919484734535,0.05149501661129568,0.13386292571621736,0.9198003300514276,1687.9902863781917
2,0.01883496157947677,0.016431670866084144,0.0052264136070029905,0.012203370910459175,0.02162112481892109,0.07973421926910298,0.16677934589706753,0.9338592016057378,2275.64963781437
3,0.05985115076309408,0.05959460796142815,0.005762093363544211,0.022489278585162437,0.024415498599410057,0.19850498338870431,0.22762613031352996,0.9617700605600479,4413.913139157433
