,Precision@k,Recall@K,MAP@K,nDCG@k,MRR@k,HitRate@k,Coverage@K
5,0.012603696696259643,0.0006712633787060749,0.005505748799301411,0.01171055710472988,0.023337215,0.055304904671809055,0.01743526256061075
10,0.01514456896133508,0.0018047445247374094,0.004293763702055799,0.013720352909779616,0.031539794,0.11861446659874836,0.024966470648921903
20,0.017896607139906817,0.004011630388965431,0.0034173411176956553,0.015931674701349985,0.038672637,0.22442148158928832,0.038481378314247396
100,0.028244841452991082,0.021556660660908295,0.0024703247285896126,0.023611032398904684,0.047371667,0.5818658128365595,0.10368307025688642
