,Precision@k,Recall@K,MAP@K,nDCG@k,MRR@k,HitRate@k,Coverage@K,Time_fit,Time_predict
5,0.03212321232123213,0.02384603356744634,0.02080169371103777,0.03310312980381304,0.06427186,0.09892739273927392,0.040009852103882415,0.979180097579956,600.453551530838
10,0.03724234179370318,0.03436756327442287,0.018499614268990203,0.0336546976106998,0.06883411,0.1337046204620462,0.0644453609192242,0.979180097579956,600.453551530838
20,0.05118925115898111,0.05051688050823946,0.018703104328949494,0.03808034049602562,0.07217215,0.1820957095709571,0.10338408312426252,0.979180097579956,600.453551530838
100,0.11974850051083138,0.11972986433970711,0.020738775829507918,0.05670912588234801,0.075796954,0.3378712871287129,0.2841587334318544,0.979180097579956,600.453551530838
