,Precision@k,Recall@K,MAP@K,nDCG@k,MRR@k,HitRate@k,Coverage@K,Time_fit,Time_predict
5,0.11154317258968421,0.02984543389499368,0.08157583587816145,0.11717228697579826,0.19465334713459015,0.2884324977348233,0.062027924010070956,,
10,0.10133895113130993,0.0463058094724105,0.06188185737360446,0.10647748266361065,0.204786479473114,0.36454243430987615,0.07716705359186476,,
20,0.10134013720089381,0.07093534319258012,0.04897931222452889,0.1000869116501302,0.21050387620925903,0.44719621463807513,0.09498741130693522,,
100,0.16655514970997823,0.16437743627027995,0.042279376841571105,0.1177739657540406,0.21542592346668243,0.6446692842041679,0.13988163358728706,,
