,Precision@k,Recall@K,MAP@K,nDCG@k,MRR@k,HitRate@k,Coverage@K,Time_fit,Time_predict
5,0.06705755164783188,0.02431629477607664,0.03974691717765502,0.06627912534301787,0.119182914,0.21028733593472862,0.3295526512752605,,
10,0.07247195496384673,0.04291580279163118,0.03182249536652558,0.06662758134457508,0.13118379,0.3008919069578878,0.3917899706373424,,
20,0.09131610210378192,0.0743838081115485,0.028087149563650327,0.07178149291966296,0.13830507,0.4039629047787969,0.4593240831366227,,
100,0.23648663997213593,0.23465103609042642,0.031519240162415835,0.1171977690792251,0.14446273,0.6532813054274565,0.6406241004087743,,
