,Precision@k,Recall@K,MAP@K,nDCG@k,MRR@k,HitRate@k,Coverage@K,Novelty@K,Diversity@k,Time_fit,Time_predict
5,0.14572024314390727,0.019992272050819396,0.10336802610498537,0.15165331546572144,0.24856870229007633,0.37701441899915183,0.0717346143858738,3.47428050353176,0.6870801665111678,13.85053277015686,0.015445470809936523
10,0.1390910880891797,0.03671904252954183,0.08074403459668666,0.14379413932209517,0.26437364527377255,0.4946988973706531,0.08750973773045963,3.590818404790119,0.708214949359151,13.85053277015686,0.015445470809936523
20,0.13569314145316694,0.06282888501604479,0.06376008874307865,0.13680387558795531,0.2723566884804517,0.609626802374894,0.10698519864970138,3.7450801266263927,0.73158870846031,13.85053277015686,0.015445470809936523
100,0.21549037731751736,0.2026571344352851,0.04865963254011512,0.15893884864673893,0.2777777093280839,0.8214588634435963,0.1713191378862633,4.272520651203061,0.7961161225511163,13.85053277015686,0.015445470809936523
