,Precision@k,Recall@K,MAP@K,nDCG@k,MRR@k,HitRate@k,Coverage@K,Time_fit,Time_predict
5,0.1720765414599575,0.015589610241995441,0.0954736593432554,0.16995650741204638,0.30617765,0.5811481218993622,0.47594501718213056,,
10,0.16789510985116937,0.030293481996682876,0.07199329531009191,0.16774345190836296,0.33492175,0.7944720056697377,0.6608247422680412,,
20,0.16213452382084292,0.05798135664356935,0.05501787343592829,0.16373314208667633,0.34429708,0.9241672572643516,0.8515463917525773,,
100,0.27001242671976927,0.26796048110222276,0.06086600421993927,0.2280473593229892,0.34656078,0.997165131112686,0.9567010309278351,,
