,Precision@k,Recall@K,MAP@K,nDCG@k,MRR@k,HitRate@k,Coverage@k,Diversity@k,Novelty@k
0,0.014299557032115173,0.007837982846995575,0.008710548172757475,0.013694345398756537,0.023892579600214958,0.04152823920265781,0.11425673962646835,,18.496132089649716
1,0.015102436323366553,0.010814924813331392,0.007318561145388388,0.013624574003052158,0.026321981102228165,0.059800664451827246,0.15038451787374293,,22.451780233611448
2,0.019658065626869305,0.016848122441143542,0.006841573101366951,0.014879392664150854,0.02813502959907055,0.0872093023255814,0.19120256908645314,,28.602149275748072
3,0.05625904592835595,0.05598921287977664,0.0073549215081656774,0.024295775003142644,0.030773339793086052,0.18438538205980065,0.26286655962139777,,72.07583060528408
