,Precision@k,Recall@K,MAP@K,nDCG@k,MRR@k,HitRate@k,Coverage@K,Time_fit,Time_predict
5,0.01929824561403509,0.007105900071643371,0.00947287199480182,0.01865285277037426,0.037922353,0.0769980506822612,0.054193358368308665,,
10,0.02364669389523191,0.014416381066848078,0.007808699990717535,0.020436985761351008,0.04523442,0.13255360623781676,0.07488402915838303,,
20,0.031446585701005614,0.025472520123076825,0.007108119074940109,0.02373865720498568,0.050919946,0.2149122807017544,0.10396877991311392,,
100,0.10415621585356853,0.10329656765750116,0.008751235936774106,0.048709907700400845,0.058079895,0.5224171539961013,0.22008688609086224,,
