,Precision@k,Recall@K,MAP@K,nDCG@k,MRR@k,HitRate@k,Coverage@K,Novelty@K,Diversity@k,Time_fit,Time_predict
5,0.10472038956958843,0.09943476920106337,0.05758469473243272,0.08004469624324649,0.09942664153314483,0.18520263901979264,0.17941757156959526,6.458661312282074,0.7492808717008658,0.11488175392150879,0.2342531681060791
10,0.16463504031835793,0.16317204054919104,0.0649337873348802,0.1020680910654709,0.11363736666517063,0.293119698397738,0.2843040473840079,6.706886301843983,0.785257923573059,0.11488175392150879,0.2342531681060791
20,0.23527844962622307,0.23491197338221623,0.07070166619583848,0.12418383019198252,0.1214144701349183,0.4052780395852969,0.42398815399802564,6.983084274920911,0.8215247642836465,0.11488175392150879,0.2342531681060791
100,0.4601343765810462,0.4601343765810462,0.07902588570509889,0.17786239720594357,0.12830279235096753,0.6658812441093308,0.8849950641658441,7.691085892814067,0.9012783232015034,0.11488175392150879,0.2342531681060791
