,Precision@k,Recall@K,MAP@K,nDCG@k,MRR@k,HitRate@k,Coverage@K,Time_fit,Time_predict
5,0.10615060045439792,0.1016732190451895,0.058922022070756246,0.08060551768554712,0.09741155,0.18403115871470302,0.20976720647773278,,
10,0.17146798349329995,0.17010109723753075,0.06744634821092778,0.10455576198143736,0.11203034,0.2955209347614411,0.32211538461538464,,
20,0.24217502958915169,0.24186432363074883,0.07311026527229876,0.12654293694068788,0.119858205,0.4089581304771178,0.48431174089068824,,
100,0.45964805003352627,0.45964805003352627,0.08106534598726076,0.17828396921093093,0.12643412,0.6557935735150925,0.9256072874493927,,
