,Precision@k,Recall@K,MAP@K,nDCG@k,MRR@k,HitRate@k,Coverage@K
5,3.059143439836845e-05,1.8673783686246864e-05,1.0197144799456152e-05,2.1948803591310174e-05,3.3990484e-05,0.00010197144799456152,0.6734337706153652
10,3.3990482664853836e-05,2.3642755344545505e-05,9.219244008503015e-06,2.5007298782166407e-05,4.68718e-05,0.00020394289598912304,0.8936480447929939
20,7.315839232902455e-05,6.940176821776641e-05,1.140826651290864e-05,3.7014423270026255e-05,6.066947e-05,0.00037389530931339224,0.9889767241534017
100,0.0005973903634272404,0.0005969636801774619,1.9899855895028635e-05,0.00015378715273368533,9.77626e-05,0.0023113528212100613,1.0
