,Precision@k,Recall@K,MAP@K,nDCG@k,MRR@k,HitRate@k,Coverage@K,Time_fit,Time_predict
5,0.008188824662813102,0.006497752715782647,0.004113680154142582,0.006959027678313693,0.012379576,0.023121387283236993,0.14061505832449628,,
10,0.017148362235067438,0.01507269120203121,0.005118932929626571,0.010760561534614688,0.016782504,0.05491329479768786,0.22969247083775185,,
20,0.025408294338930177,0.024306638759249898,0.00546643842865739,0.013709284352824267,0.01921876,0.09248554913294797,0.3586426299045599,,
100,0.09232114264815569,0.0922596980165959,0.007124548905121635,0.02996165159790402,0.02281026,0.2514450867052023,0.7834570519618239,,
