,Precision@k,Recall@K,MAP@K,nDCG@k,MRR@k,HitRate@k,Coverage@K,Time_fit,Time_predict
5,0.019038642789820922,0.018247610071361248,0.017234527175620483,0.02100131700015705,0.033168394596292804,0.03958529688972667,0.0027147087857847976,7.280269384384155,0.1980435848236084
10,0.026235544484837604,0.026044302723143436,0.017813932149464667,0.023446577065073144,0.03521759944945619,0.05560791705937795,0.004195459032576505,7.280269384384155,0.1980435848236084
20,0.031303946885386943,0.031253654743628206,0.01814531265426337,0.02506202465744279,0.03615534197656326,0.06880301602262016,0.007156959526159921,7.280269384384155,0.1980435848236084
100,0.08305396272047637,0.08305396272047637,0.019114300542688034,0.03627044659710143,0.038426459480074324,0.18473138548539114,0.03060217176702863,7.280269384384155,0.1980435848236084
