,Precision@k,Recall@K,MAP@K,nDCG@k,MRR@k,HitRate@k,Coverage@K,Novelty@K,Diversity@k,Time_fit,Time_predict
5,0.07402607602890354,0.07048232847277784,0.042895460257618596,0.059879477735399575,0.08130694313540685,0.1413760603204524,0.1895360315893386,5.368741684615464,0.7936350671528662,0.05644536018371582,0.015172004699707031
10,0.11090110407970917,0.10955768168175167,0.04738665426375808,0.07356503916081068,0.09082645153568811,0.21300659754948162,0.26036525172754194,5.797630759822547,0.832487368370844,0.05644536018371582,0.015172004699707031
20,0.1688563353899848,0.1685409848239622,0.05189342164785547,0.09129235674440007,0.09711971281863799,0.3053722902921772,0.35538005923000987,6.254089835803882,0.8672822944951839,0.05644536018371582,0.015172004699707031
100,0.34391425574727535,0.34391425574727535,0.057478660660978925,0.13175196290905547,0.10296942948767965,0.5438265786993403,0.6456071076011846,7.3472754447388695,0.9339161985670743,0.05644536018371582,0.015172004699707031
