,Precision@k,Recall@K,MAP@K,nDCG@k,MRR@k,HitRate@k,Coverage@K,Time_fit,Time_predict
5,0.0026046738072054527,0.0021123469401540433,0.0012763713080168775,0.002256565279617001,0.004243752,0.007789678675754625,0.00535410075444147,4.866400718688965,1.4383060932159424
10,0.00503527766185994,0.004892220155762409,0.0014243790667841302,0.0032835132432778137,0.005507836,0.01801363193768257,0.007057678267218302,4.866400718688965,1.4383060932159424
20,0.009784363860266501,0.009749526614870442,0.0017007877553345354,0.004671423671853773,0.0062363106,0.02872444011684518,0.01070820150888294,4.866400718688965,1.4383060932159424
100,0.03506840456620713,0.03506840456620713,0.0022322327371739675,0.010163684410894326,0.0073861647,0.08471275559883155,0.03553175955220248,4.866400718688965,1.4383060932159424
