,Precision@k,Recall@K,MAP@K,nDCG@k,MRR@k,HitRate@k,Coverage@k,Diversity@k,Novelty@k
0,0.011555814291951683,0.0007935317302626482,0.006724397225052151,0.011335720819884912,0.019558046013116837,0.038131276378984134,0.4106055916640875,,678.5277980674925
1,0.020302721583466743,0.0028657230537901647,0.006381178775298991,0.017317069851007307,0.03144969791173935,0.13564255566875272,0.6964819973176519,,760.2596682119652
2,0.029013369309530364,0.00825168929682319,0.00603806076254286,0.02444284609092343,0.04447454586625099,0.32557124144957067,0.7811822965026307,,857.1533329161514
3,0.062012713350083536,0.052282250673937436,0.005929432002477809,0.04476868176926376,0.05642053112387657,0.8041042060835395,0.781904467141236,,1413.9207208432626
