,Precision@k,Recall@K,MAP@K,nDCG@k,MRR@k,HitRate@k,Coverage@K,Novelty@K,Diversity@k,Time_fit,Time_predict
5,0.01320425553370645,0.012791036728110723,0.007091304055530345,0.00993397082461155,0.012730802198356275,0.023718045681440023,0.1135540461739366,13.36825585307742,0.9311015959534039,6.861799240112305,29.034271240234375
10,0.02025388181794172,0.020148691809764502,0.007882747290975642,0.012445933025399125,0.014527783180029438,0.0375737407351384,0.21150324006011975,13.505931398157278,0.9433237728806201,6.861799240112305,29.034271240234375
20,0.030205414634551175,0.030183885636352457,0.008549420578845094,0.015353032820132223,0.015826596350945254,0.05666313719558312,0.3735308852879095,13.630895425267019,0.9544208361833478,6.861799240112305,29.034271240234375
100,0.07006536909960595,0.07006525035104612,0.009476528443443932,0.023885933589473215,0.017486586097226843,0.13138708213583422,0.8543738758346543,13.858573311526216,0.9753608137303956,6.861799240112305,29.034271240234375
