,Precision@k,Recall@K,MAP@K,nDCG@k,MRR@k,HitRate@k,Coverage@K,Time_fit,Time_predict
5,0.01606532585527334,0.015883633111154278,0.008459267594676448,0.011504851003160711,0.013199729,0.025149144428964383,0.18375464924181595,,
10,0.024616173884741025,0.024572210323811027,0.009542749010822874,0.014560356388545736,0.015093272,0.03950987746936734,0.32765733588061025,,
20,0.03610146359333628,0.0360922565079805,0.010337370963350204,0.017834925256734604,0.01642272,0.05890758403886686,0.5446742531217986,,
100,0.07677622734326545,0.07677622734326545,0.011315836135218072,0.02631900377563621,0.01799578,0.1273532668881506,0.966922317283643,,
