,Precision@k,Recall@K,MAP@K,nDCG@k,MRR@k,HitRate@k,Coverage@K,Time_fit,Time_predict
5,0.04407524613220815,0.02243081664766493,0.026665494608532583,0.045780856525837084,0.09054149687290192,0.1540084388185654,0.10991787744788377,,
10,0.05186608398633715,0.04010051492390547,0.0217980350153032,0.04807444474951901,0.1034211590886116,0.2510548523206751,0.1560328490208465,,
20,0.07004062076746465,0.06613518441386859,0.02106924240151756,0.05497388778107513,0.11123791337013245,0.3639240506329114,0.22678458622867972,,
100,0.18116837536848446,0.18116837536848446,0.024910442691978826,0.09286717069042554,0.11825773864984512,0.6529535864978903,0.48989260897030956,,
