,Precision@k,Recall@K,MAP@K,nDCG@k,MRR@k,HitRate@k,Coverage@K,Time_fit,Time_predict
5,0.003287080172146058,0.0022065483855575967,0.0019484282798704466,0.002991787144799782,0.0046280893,0.008452016504725143,0.6733127783487496,,
10,0.00437947240655879,0.003738166692467436,0.0019219095620585022,0.003421934088390877,0.0052543976,0.01314388393451351,0.8360054813292224,,
20,0.006272778527239474,0.0059675497391784415,0.001967978252470393,0.004070698211679127,0.0057253004,0.020065220284839612,0.9343782117163412,,
100,0.016734447553270918,0.016717956369192245,0.0023293980349832683,0.007018112054157562,0.00625758,0.04305869825635565,0.9959575196985269,,
