,Precision@k,Recall@K,MAP@K,nDCG@k,MRR@k,HitRate@k,Coverage@K,Novelty@K,Diversity@k,Time_fit,Time_predict
5,0.012638834444008885,0.010320105181744267,0.006161091510954311,0.009864033631947764,0.01472951783614269,0.032144257154057235,0.004908953595703616,4.913397117282432,0.889801903860298,36.09012460708618,7.70949387550354
10,0.020843522303733986,0.01933180818848912,0.006724584136179261,0.0131255019368436,0.018584448675589404,0.062328498627989025,0.008097675589494,5.053139084934203,0.8980087252462531,36.09012460708618,7.70949387550354
20,0.03321193068001368,0.032259350598090965,0.00743572704237991,0.017379096192501473,0.02170092947679865,0.1076048608388867,0.01313249979021566,5.296492730979474,0.9111118052519952,36.09012460708618,7.70949387550354
100,0.08875716959851045,0.08860640077489876,0.008684534628413143,0.031115012087529256,0.02503350283510121,0.2542140337122697,0.04325753125786691,6.236884434343948,0.944406687299091,36.09012460708618,7.70949387550354
