,Precision@k,Recall@K,MAP@K,nDCG@k,MRR@k,HitRate@k,Coverage@K,Time_fit,Time_predict
5,0.008665856940425582,0.008516358487989763,0.004832309267793139,0.0065212614458828155,0.007921028882265091,0.014396456256921373,0.4348183219351921,,
10,0.013045778451415574,0.013011669874309616,0.00536525008204684,0.008063505344485493,0.008900977671146393,0.02182688529275176,0.6293896687617097,,
20,0.019499586574867944,0.019493695440500017,0.005801463146395458,0.00991427287100219,0.009680010378360748,0.03322259136212625,0.8166329798525164,,
100,0.04539603660843649,0.04539603660843649,0.006395256536982067,0.015286121814050826,0.010665570385754108,0.0781266745257743,0.9931703445284308,,
