,Precision@k,Recall@K,MAP@K,nDCG@k,MRR@k,HitRate@k,Coverage@K,Time_fit,Time_predict
5,0.09668039114770972,0.08384848535109878,0.05955981586321268,0.08579155829852325,0.13112883269786835,0.21049922799794132,0.2882117531418943,,
10,0.11583257766994257,0.11135039884222703,0.05825678683627242,0.09233923820644013,0.1396992802619934,0.27380339680905813,0.44674576985185704,,
20,0.15836212498255647,0.15716146572327558,0.060844771487619465,0.10566610547629554,0.14492592215538025,0.350488934637159,0.6446675559924173,,
100,0.3163345314254652,0.3161930572521425,0.06655521698389603,0.1453409061686349,0.15001872181892395,0.5671641791044776,0.9727585480586955,,
