,Precision@k,Recall@K,MAP@K,nDCG@k,MRR@k,HitRate@k,Coverage@K,Time_fit,Time_predict
5,0.16269644334160463,0.11709708871635821,0.09653949545078577,0.15743782430409628,0.27448305,0.47022332506203474,0.17438692098092642,,
10,0.22462089881444722,0.2125467245594921,0.09454998184596879,0.18275568828892486,0.29853383,0.6476426799007444,0.22615803814713897,,
20,0.33428794172807724,0.3325129402776234,0.10767465000982439,0.22743647448073037,0.3080469,0.78287841191067,0.3133514986376022,,
100,0.7594530251121534,0.7594530251121534,0.14179326928540692,0.35911639654704597,0.31338912,0.9627791563275434,0.7138964577656676,,
