,Precision@k,Recall@K,MAP@K,nDCG@k,MRR@k,HitRate@k,Coverage@K,Time_fit,Time_predict
5,0.16548800661703886,0.11988096099627985,0.10124276261373034,0.16202984080946584,0.28101736307144165,0.47022332506203474,0.22343324250681199,,
10,0.2237765370829887,0.21192071688957398,0.09953606916068514,0.18732357055677523,0.30629849433898926,0.652605459057072,0.2888283378746594,,
20,0.3431063560575483,0.3413105377196372,0.11342186134618279,0.23447878526078364,0.31631913781166077,0.7965260545905707,0.3896457765667575,,
100,0.7542435187953367,0.7542435187953367,0.14678195421608928,0.36219837099344737,0.3210601508617401,0.9652605459057072,0.8365122615803815,,
