,Precision@k,Recall@K,MAP@K,nDCG@k,MRR@k,HitRate@k,Coverage@K,Time_fit,Time_predict
5,0.016768248439994193,0.015429500211617516,0.009359551105306438,0.013792847153871315,0.019699609,0.035263387026556375,0.2910592085688783,2.4873874187469482,47.83455157279968
10,0.023311116639370886,0.022786142956407473,0.010194668783200408,0.016348085965250107,0.021614634,0.049629952111449716,0.3786261529306754,2.4873874187469482,47.83455157279968
20,0.03477910401165394,0.03457703907640563,0.010974962896612763,0.01972958207657594,0.022939352,0.0696560731388768,0.46708568878310025,2.4873874187469482,47.83455157279968
100,0.08258589967063644,0.08252633916844423,0.012314194240939371,0.030481266754471163,0.024660926,0.14845450587723116,0.6471102350490925,2.4873874187469482,47.83455157279968
