,Precision@k,Recall@K,MAP@K,nDCG@k,MRR@k,HitRate@k,Coverage@k,Diversity@k,Novelty@k
0,0.013340514661879114,0.010984635425101464,0.00687884167830308,0.011213327876257572,0.01844324916601181,0.035619389587073606,0.2965781167571241,,70.45227364153737
1,0.02060160724972215,0.01949167120344219,0.007263831641662139,0.013898567911671475,0.021488718688488007,0.05874326750448833,0.31037473511029245,,98.82710200468811
2,0.03352747670283285,0.033166358224134364,0.007998942915895833,0.01801423587024167,0.023821692913770676,0.09297426690604428,0.31588265274188787,,150.78087006370015
3,0.1032215918062009,0.10321181680363688,0.009833064088098607,0.03467504831290428,0.026795586571097374,0.2250388988629563,0.31782294190756355,,565.4683023280948
