,Precision@k,Recall@K,MAP@K,nDCG@k,MRR@k,HitRate@k,Coverage@K,Novelty@K,Diversity@k,Time_fit,Time_predict
5,0.10301950487621904,0.018127889491024125,0.0727325581395349,0.10708758153935045,0.17766316579144786,0.2760690172543136,0.008419482041990835,1.7772191914266706,0.5195839827064794,1.6613013744354248,3.2978992462158203
10,0.09587486157253598,0.03055130620942031,0.0559164948313798,0.0993990267891091,0.1887017885423737,0.35933983495873967,0.01300223809016306,1.9646113406357568,0.5626168207273403,1.6613013744354248,3.2978992462158203
20,0.10065447673221811,0.053864578766533895,0.046091538066270345,0.09794280339298761,0.19589862619180323,0.4643660915228807,0.020888841521901312,2.2177837868886967,0.6145661285253049,1.6613013744354248,3.2978992462158203
100,0.15163733043315278,0.1436835558725467,0.03666128602730138,0.11193379588076179,0.20100230872805736,0.6687921980495124,0.05819034423958222,2.9577706867921916,0.7303025282250681,1.6613013744354248,3.2978992462158203
