,Precision@k,Recall@K,MAP@K,nDCG@k,MRR@k,HitRate@k,Coverage@K
5,0.001182033096926714,0.000677698975571316,0.0006579984239558708,0.0013299928375166531,0.0032899925,0.00591016548463357,0.7426254959461791
10,0.003373484933768622,0.003157154114600923,0.0007421300540179298,0.002053967829346499,0.0041727647,0.013002364066193853,0.9351388649301363
20,0.003267477203647416,0.0032556568726781494,0.0006678894633766299,0.0019439412454413233,0.0042466414,0.014184397163120567,0.9967224426427462
100,0.01772225929591862,0.01772225929591862,0.0009325075116664229,0.005636984233685124,0.0054106256,0.07328605200945626,1.0
