,Precision@k,Recall@K,MAP@K,nDCG@k,MRR@k,HitRate@k,Coverage@K,Novelty@K,Diversity@k,Time_fit,Time_predict
5,0.001462904911180773,0.0011750701405873819,0.0011842563566701496,0.0013993314579661608,0.0017415534656913965,0.003134796238244514,0.5772887323943662,8.192639875600815,0.9844526014241145,0.009387969970703125,0.20789337158203125
10,0.0031173807035876004,0.002913186329701756,0.0013312517622862453,0.0020187641932782057,0.002404587749415336,0.008359456635318705,0.8316901408450704,8.24526527039185,0.9846662742118573,0.009387969970703125,0.20789337158203125
20,0.004571137094648067,0.004436314188910109,0.0013994519630942323,0.0026848027243361293,0.003274639025752703,0.02089864158829676,0.9857394366197183,8.249972234182168,0.9848572550111896,0.009387969970703125,0.20789337158203125
100,0.016999171765738577,0.016999171765738577,0.00163732205664685,0.006125278209892375,0.004541550896249579,0.08672936259143156,1.0204225352112677,8.278537357212441,0.9847918194181601,0.009387969970703125,0.20789337158203125
