,Precision@k,Recall@K,MAP@K,nDCG@k,MRR@k,HitRate@k,Coverage@K
5,0.0010396361273554257,0.0004102661843597007,0.000706627680311891,0.001311451148725534,0.0033706955,0.004873294346978557,0.6055111364934324
10,0.0010721247563352826,0.0005771159937100888,0.0004910424208669822,0.0012404172890836558,0.003854544,0.008771929824561403,0.8449457452884066
20,0.001750518270986107,0.0012946634457959801,0.00042355599102980655,0.001548830001128627,0.0046616965,0.02046783625730994,0.9758709308966305
100,0.007287705458064066,0.007201490765044316,0.00044717305422667294,0.0034479562186978184,0.0062760618,0.09844054580896686,1.0
