,Precision@k,Recall@K,MAP@K,nDCG@k,MRR@k,HitRate@k,Coverage@K,Time_fit,Time_predict
5,0.06179512301328108,0.017095157697439772,0.03506567965744974,0.05992446820676912,0.10696712136268616,0.20117570215545394,0.02627109648657255,50.22785472869873,5.388021230697632
10,0.0646481965309529,0.03016542099276406,0.027722859694474113,0.05979067367488234,0.11858794093132019,0.28935336381450033,0.04054771255705339,50.22785472869873,5.388021230697632
20,0.06973028355581748,0.0470363662814738,0.022784443892261162,0.05964519043676081,0.12443798780441284,0.37393860222077074,0.061140006368750666,50.22785472869873,5.388021230697632
100,0.16058441687454938,0.15810191530839504,0.02103561669427284,0.08620885898071542,0.1301308572292328,0.6038536903984324,0.1455790255811485,50.22785472869873,5.388021230697632
