,Precision@k,Recall@K,MAP@K,nDCG@k,MRR@k,HitRate@k,Coverage@K,Time_fit,Time_predict
5,0.062241454387110824,0.017682100624176546,0.03691459830176355,0.06150604923821919,0.1097811833024025,0.19823644676681906,0.03720411845876234,101.41485619544983,6.10624623298645
10,0.06693881994339212,0.032228004664087526,0.029425549591222896,0.06219583318608471,0.12281681597232819,0.2955584585238406,0.0525421929731451,101.41485619544983,6.10624623298645
20,0.0753483369057808,0.0522650209354373,0.024394204172195035,0.06327806209526957,0.12928660213947296,0.39026779882429785,0.07594735166118247,101.41485619544983,6.10624623298645
100,0.17164543881472097,0.16903895636084548,0.023061743197197754,0.09195446340592991,0.1349690854549408,0.6205094709340301,0.17232777836747692,101.41485619544983,6.10624623298645
