,Precision@k,Recall@K,MAP@K,nDCG@k,MRR@k,HitRate@k,Coverage@K,Novelty@K,Diversity@k,Time_fit,Time_predict
5,0.07184626062814507,0.018577312715039516,0.042420180461565156,0.0697644949895971,0.11972496963387123,0.21967725143154607,0.03391359728266639,3.112212,0.5649740826972178,95.68402171134949,8.760020017623901
10,0.07289471835932013,0.032025888357281346,0.03368990516560607,0.06881081251769283,0.13135199507531625,0.3058302967204581,0.04824328627534232,3.216146,0.5835594236991253,95.68402171134949,8.760020017623901
20,0.08027215006130022,0.05305500024239178,0.02765488522931689,0.06942500101202617,0.13837610309317636,0.4057782404997397,0.07148922619679439,3.358953,0.6080087693267167,95.68402171134949,8.760020017623901
100,0.17304739999261362,0.169557415528453,0.025038943093958738,0.09655459562547913,0.14396164876673562,0.6322228006246746,0.16903725719138096,3.9175813,,95.68402171134949,8.760020017623901
