,Precision@k,Recall@K,MAP@K,nDCG@k,MRR@k,HitRate@k,Coverage@K,Time_fit,Time_predict
5,0.06885400583290444,0.05605993377632016,0.04437925315948991,0.06598272269090495,0.11332990974187851,0.1724137931034483,0.07163489312536106,0.773174524307251,3.274533987045288
10,0.08266365218243757,0.07848652938990022,0.04123517095692855,0.06865104290751659,0.11966930329799652,0.22079258878023675,0.12009756723794852,0.773174524307251,3.274533987045288
20,0.11284593280879864,0.11182325137822503,0.0423898377814924,0.07792880575570117,0.12410777062177658,0.28512609366958314,0.20854997111496246,0.773174524307251,3.274533987045288
100,0.248423137515785,0.24829695784768632,0.04675884059187469,0.11150669638265995,0.1287948489189148,0.47967061245496656,0.660889659156557,0.773174524307251,3.274533987045288
