,Precision@k,Recall@K,MAP@K,nDCG@k,MRR@k,HitRate@k,Coverage@K
5,0.00011138604880668171,3.0978447781184826e-05,5.079494082389394e-05,0.00010633967169074294,0.00022676314983982593,0.0005152058283566385,0.9960369015125329
10,0.00012000160793055307,5.8706979404831274e-05,3.7575906217770446e-05,0.00011221885271624561,0.00029417010955512524,0.0010376680768309763,0.9999940404534023
20,0.00015429391854124232,0.00011704131319260647,3.0514756032674436e-05,0.00012562341172537173,0.00035868913982994854,0.0020172847927203592,1.0
100,0.0006074157565638111,0.0006046894267440628,3.385338376033752e-05,0.0002960908116311216,0.0005211811512708664,0.010267834466544275,1.0
