,Precision@k,Recall@K,MAP@K,nDCG@k,MRR@k,HitRate@k,Coverage@K,Time_fit,Time_predict
5,0.017726526734041632,0.013907434273044722,0.008813250410296278,0.015285510914481113,0.027171114459633827,0.053329878206789326,0.45624857208133424,,
10,0.025465496036887584,0.023929772737529182,0.008799791641244522,0.018235719868769356,0.03169560432434082,0.08815755377040684,0.5524331734064428,,
20,0.042805350171617115,0.0423845204696715,0.009771320601632947,0.024166606318569376,0.03552693873643875,0.14444156517232443,0.6580991546721499,,
100,0.13453396205183085,0.13452834352955964,0.012302777392704965,0.04779220100111205,0.04016677662730217,0.3487431977196165,0.8736577564541924,,
