,Precision@k,Recall@K,MAP@K,nDCG@k,MRR@k,HitRate@k,Coverage@K,Time_fit,Time_predict
5,0.020424980564913188,0.015928129248190787,0.009981198353056348,0.017351369750862176,0.029873025,0.0615703550142524,0.4384281471327393,,
10,0.03009991074256428,0.028298940105501175,0.010184256570959269,0.02103620516046538,0.034988217,0.10064783622700181,0.5381539867489148,,
20,0.04921432809566135,0.048732054085042095,0.011266289916863702,0.027592472386196738,0.039161194,0.16247732573205495,0.6383367603381311,,
100,0.14932446637318467,0.14931659075683928,0.014168352128841334,0.053481566428428336,0.043981235,0.3726872246696035,0.8480694539639022,,
