,Precision@k,Recall@K,MAP@K,nDCG@k,MRR@k,HitRate@k,Coverage@K,Novelty@K,Diversity@k,Time_fit,Time_predict
5,0.029096873506576464,0.009409625253322335,0.01754665685259765,0.03083214676264057,0.06288696930181625,0.10818930426575794,0.02693715062158071,5.673770071903694,0.8397401788077826,25.31743550300598,0.8261654376983643
10,0.027319445773837974,0.015256537754924958,0.012322507393901188,0.028360530350495138,0.0695893283263513,0.15896630476286536,0.03822453187761475,5.912513663450143,0.8672472067683759,25.31743550300598,0.8261654376983643
20,0.029929150873841924,0.024329212073904764,0.00972368474052262,0.027981576729323426,0.07414677477985875,0.2256219245981715,0.054911262351160325,6.173416019206165,0.8938071370041349,25.31743550300598,0.8261654376983643
100,0.06685897618490974,0.06666142599250569,0.00974425438205112,0.04089873703381093,0.07891350223406039,0.4269144038673516,0.1331243518993075,6.851424504465397,0.9423128820300817,25.31743550300598,0.8261654376983643
