,Precision@k,Recall@K,MAP@K,nDCG@k,MRR@k,HitRate@k,Coverage@K,Time_fit,Time_predict
5,0.02939140404472857,0.009635735793379733,0.017600910600097885,0.03100161420904265,0.06293250620365143,0.10918009709090118,0.029404402913026376,26.041863679885864,2402.99827003479
10,0.027621344333605503,0.015617739201147543,0.01239341714163081,0.0285202745427264,0.06960753351449966,0.15980088383197033,0.04329610603225307,26.041863679885864,2402.99827003479
20,0.03002869018614619,0.024523745285055368,0.009795426828663094,0.028060674489047886,0.07403457909822464,0.22434674077890412,0.06408300456501269,26.041863679885864,2402.99827003479
100,0.067976620236868,0.06778468865598813,0.009882374041933274,0.04126582616454333,0.07882089167833328,0.4276716324768339,0.154167510935768,26.041863679885864,2402.99827003479
