,Precision@k,Recall@K,MAP@K,nDCG@k,MRR@k,HitRate@k,Coverage@K,Time_fit,Time_predict
5,0.015308291991495394,0.0012534439855309465,0.007578549492085991,0.015963728234606178,0.037065912038087845,0.07512402551381998,0.7429259482239615,0.5926666259765625,1.5519890785217285
10,0.014883061658398299,0.0025183074212185423,0.004818292778958973,0.01541219468460576,0.04531768336892128,0.1403260099220411,0.7968091511137869,0.5926666259765625,1.5519890785217285
20,0.015012993149066858,0.005119822156469064,0.003030886064899281,0.015306092919719693,0.05318566784262657,0.25726435152374205,0.8055388320288982,0.5926666259765625,1.5519890785217285
100,0.026863569359417482,0.02653051119298155,0.001790105893955409,0.022494593131831445,0.06441599130630493,0.7562012756909993,0.8232992173389524,0.5926666259765625,1.5519890785217285
