,Precision@k,Recall@K,MAP@K,nDCG@k,MRR@k,HitRate@k,Coverage@K
5,0.0048012587127192275,0.004156704462184412,0.0017690086742346946,0.0032988481140854846,0.0046986933,0.012823404323871508,0.00010842067220816769
10,0.008705265246651335,0.00845398566343723,0.0022349940418888844,0.004981567704773733,0.0063666203,0.02555014982118117,0.00018973617636429345
20,0.01717715045454378,0.01712284956702413,0.002742314313959079,0.007643559151086699,0.007807794,0.04871604858717015,0.000352367184676545
100,0.07309425676381026,0.07309425676381026,0.004188648164796582,0.02141224322607528,0.010573662,0.17601572316912073,0.0013642934586194433
