,Precision@k,Recall@K,MAP@K,nDCG@k,MRR@k,HitRate@k,Coverage@k,Diversity@k,Novelty@k
0,0.014928057553956835,0.014779033915724564,0.008794964028776978,0.011286242633885593,0.013381294906139374,0.020863309352517987,0.1753309896028125,,604.2129971474684
1,0.022944501541623846,0.022932511133949982,0.009879429789501732,0.01418222687894679,0.015090499073266983,0.033093525179856115,0.19934176078988705,,1086.8165195621557
2,0.04229701952723536,0.04229701952723536,0.01130053333702798,0.019371544047428704,0.016537494957447052,0.05467625899280575,0.20622335253197696,,1819.5036852135884
3,0.07630222915263848,0.07630222915263848,0.012470244470235852,0.02649476183969507,0.01772645302116871,0.09280575539568345,0.20921534894158128,,6082.592642990501
