,Precision@k,Recall@K,MAP@K,nDCG@k,MRR@k,HitRate@k,Coverage@k,Diversity@k,Novelty@k
0,0.015275779376498802,0.015183281945871874,0.009531175059952037,0.011710809020294114,0.012086331844329834,0.020863309352517987,0.18655097613882862,0.4035375298127428,239.27051106261942
1,0.026014045906132235,0.02595152449468996,0.011402606486239579,0.015778763182778044,0.01392171997576952,0.034532374100719423,0.20779415064701923,0.666131021122097,366.9515154965995
2,0.03877869133264817,0.03877269612881124,0.012478656456557264,0.0195939094700397,0.01513612549751997,0.051798561151079135,0.21370334355598775,0.8647128581086776,568.5023931624238
3,0.1427493571645147,0.1427493571645147,0.015241053455571628,0.04269837673687817,0.018015921115875244,0.1985611510791367,0.21662054005535195,0.9788730397031637,1694.508606492487
