,Precision@k,Recall@K,MAP@K,nDCG@k,MRR@k,HitRate@k,Coverage@k,Diversity@k,Novelty@k
0,0.012749169435215948,0.00802843451933361,0.006620985603543743,0.011021440546467238,0.018701549619436264,0.03820598006644518,0.11552438096847799,,26.047981252364178
1,0.015698663186204716,0.012244088294380033,0.006063452512788062,0.012024699422834923,0.0216714795678854,0.061461794019933555,0.15101833854474775,,32.79412463884234
2,0.024032339038561848,0.02166163385517813,0.0062385081872915246,0.014454802760311778,0.023730147629976273,0.09053156146179402,0.1883292487112313,,42.863108137044776
3,0.06765669010404238,0.06740990462218692,0.00693345297159088,0.025063098873348667,0.026481376960873604,0.2009966777408638,0.24102087382743176,,98.46691855766962
