,Precision@k,Recall@K,MAP@K,nDCG@k,MRR@k,HitRate@k,Coverage@K,Time_fit,Time_predict
5,0.16360628618693135,0.11716760116116867,0.09474393438103115,0.15700666245248382,0.2720637023448944,0.4801488833746898,0.2125340599455041,3.9989686012268066,0.022220849990844727
10,0.21432608610027964,0.20242446057970417,0.09142363533732581,0.17731120981833504,0.2933972477912903,0.6389578163771712,0.2970027247956403,3.9989686012268066,0.022220849990844727
20,0.33553070508475596,0.33392223982562197,0.10562646207046887,0.22567896524471798,0.3035129904747009,0.78287841191067,0.4032697547683924,3.9989686012268066,0.022220849990844727
100,0.7590435339929408,0.7590435339929408,0.13960119686845204,0.35701071415126545,0.30865952372550964,0.9602977667493796,0.8692098092643051,3.9989686012268066,0.022220849990844727
