,Precision@k,Recall@K,MAP@K,nDCG@k,MRR@k,HitRate@k,Coverage@K,Time_fit,Time_predict
5,0.13465674110835402,0.09503566895376751,0.07569582299421009,0.12829149786965482,0.2245657593011856,0.413151364764268,0.12534059945504086,0.03242015838623047,0.01618170738220215
10,0.18013805191224547,0.16920550272345727,0.07303385726820825,0.14707740710112774,0.24507267773151398,0.5732009925558312,0.17983651226158037,0.03242015838623047,0.01618170738220215
20,0.28937120594653304,0.2878867188306533,0.0838393236825758,0.18867308587061724,0.25675204396247864,0.7456575682382134,0.26975476839237056,0.03242015838623047,0.01618170738220215
100,0.7040275886783647,0.7040275886783647,0.11479240107254537,0.3180171655377688,0.26244276762008667,0.9454094292803971,0.659400544959128,0.03242015838623047,0.01618170738220215
