,Precision@k,Recall@K,MAP@K,nDCG@k,MRR@k,HitRate@k,Coverage@K,Time_fit,Time_predict
5,0.011764705882352943,0.0008787614641221284,0.005079140089770848,0.011382343135532717,0.025395703,0.058823529411764705,0.1291390728476821,29.713623046875,1.1484358310699463
10,0.012402551381998583,0.00190576299210601,0.0034925978423497915,0.011932319324095076,0.03240497,0.11410347271438696,0.20319084888621314,29.713623046875,1.1484358310699463
20,0.013755367490724143,0.004227826266062598,0.0023824229364236777,0.013045743093222479,0.04038416,0.23316796598157336,0.2959060806742926,29.713623046875,1.1484358310699463
100,0.0276962773792547,0.027310395811420033,0.0015700595705867675,0.022192631797216106,0.05184303,0.739900779588944,0.44912703190848885,29.713623046875,1.1484358310699463
