,Precision@k,Recall@K,MAP@K,nDCG@k,MRR@k,HitRate@k,Coverage@K,Novelty@K,Diversity@k,Time_fit,Time_predict
5,0.10239553879987431,0.09727322213845302,0.055339564352288206,0.07812965064351211,0.09897895067546339,0.18944392082940623,0.29590325765054293,5.428058427147711,0.7654608714450817,594.7112066745758,0.06619572639465332
10,0.1557038508145954,0.15414395996546287,0.061748409756788525,0.09791640859039076,0.1119408539413252,0.2879359095193214,0.4227541954590326,5.6654968682755555,0.7977164164473308,594.7112066745758,0.06619572639465332
20,0.22731880104535873,0.22697944795436456,0.06761833373751946,0.12025419383698152,0.11955969263089057,0.3977379830348728,0.569101678183613,5.931555930746766,0.8310619201839886,594.7112066745758,0.06619572639465332
100,0.4645589550537688,0.4645589550537688,0.07578446466198174,0.17507878323862416,0.12609944129851813,0.6639962299717248,0.8886969397828233,6.661148756240084,0.904219272263792,594.7112066745758,0.06619572639465332
