,Precision@k,Recall@K,MAP@K,nDCG@k,MRR@k,HitRate@k,Coverage@K,Novelty@K,Diversity@k,Time_fit,Time_predict
5,0.1030631479736098,0.09859948013502541,0.054967928578908795,0.07691471361976435,0.0938737040527804,0.18143261074458059,0.34674234945705823,5.0773393547489984,0.7822810022929088,928.6973326206207,0.15047836303710938
10,0.16875158954565175,0.16741827269157808,0.0638281309923348,0.10161457401517708,0.10878008916416079,0.29123468426013194,0.49432379072063176,5.304127956387899,0.8086822725346556,928.6973326206207,0.15047836303710938
20,0.24708112822465852,0.2468089603575652,0.07037914905071484,0.12581481960495736,0.11710110394734909,0.410933081998115,0.6564659427443238,5.560523753050966,0.8368367924452218,928.6973326206207,0.15047836303710938
100,0.48136789888955267,0.48136789888955267,0.07874935088406554,0.18082419273018846,0.12407781132400823,0.6842601319509897,0.9558242843040474,6.285492505047906,0.898980430052843,928.6973326206207,0.15047836303710938
