,Precision@k,Recall@K,MAP@K,nDCG@k,MRR@k,HitRate@k,Coverage@K,Time_fit,Time_predict
5,0.05661453003946792,0.05438852514723606,0.028683225324432748,0.04161772818118206,0.05212200805544853,0.10203186668615699,0.11735998140831978,,
10,0.09348640201585677,0.0926624837507198,0.0333603739535412,0.05543542900308206,0.06081579998135567,0.16912732056716853,0.1550081338600976,,
20,0.15030618897977224,0.1499125244083655,0.03757597227214338,0.0723080922645269,0.0669860690832138,0.2594649904984651,0.1928886823146642,,
100,0.33817031948947573,0.3381639242256254,0.04317683607669226,0.11390916141450662,0.07286157459020615,0.5051892998099693,0.33162909597954915,,
