,Precision@k,Recall@K,MAP@K,nDCG@k,MRR@k,HitRate@k,Coverage@k,Diversity@k,Novelty@k
0,0.02563430844612623,0.002459315163084596,0.012471741134235676,0.025720382622703257,0.05553291738033295,0.1158492213651579,0.45795935210976996,,51.32737143157735
1,0.026442859684018175,0.005034810690935967,0.00865121461080322,0.0262010864212844,0.06776144355535507,0.21088633386697714,0.6701743526256061,,92.57219843958718
2,0.027979203893960716,0.010205933032296855,0.006141018400207382,0.02727016537137433,0.0779183879494667,0.35991849803522047,0.8049107603425152,,167.27724532819965
3,0.05643845737950769,0.04958197829692837,0.005333128421227775,0.04309255711530011,0.08854421973228455,0.7889681269102023,0.8093469514082328,,682.8563663848716
