,Precision@k,Recall@K,MAP@K,nDCG@k,MRR@k,HitRate@k,Coverage@K,Time_fit,Time_predict
5,0.011657032755298651,0.007690543768699661,0.008323699421965317,0.012035282477112141,0.019749518483877182,0.031791907514450865,0.20039215686274509,0.39095211029052734,0.42771053314208984
10,0.01893063583815029,0.016524288961564975,0.008368657675016055,0.014853905982392616,0.02358473278582096,0.06069364161849711,0.3319607843137255,0.39095211029052734,0.42771053314208984
20,0.03404393855983452,0.03272013587484336,0.009182869172472026,0.01983884648642737,0.02666580304503441,0.10404624277456648,0.5454901960784314,0.39095211029052734,0.42771053314208984
100,0.0856654711263983,0.08561017095799449,0.010420285797946767,0.03307654193913766,0.0297800712287426,0.23699421965317918,0.9164705882352941,0.39095211029052734,0.42771053314208984
