,Precision@k,Recall@K,MAP@K,nDCG@k,MRR@k,HitRate@k,Coverage@K
5,0.002011834319526627,0.00027535689426787214,0.0006035502958579882,0.0015951484008213776,0.0030177517,0.010059171597633136,1.0
10,0.002455621301775148,0.0011575549683104154,0.0005052831783601014,0.0018418154621464046,0.0042145676,0.01893491124260355,1.0
20,0.0032736269578374846,0.002237785183699971,0.0004472052049978113,0.002178725301072313,0.0052914806,0.03550295857988166,1.0
100,0.010698878814828174,0.01042009569062802,0.00047992075539335616,0.005072878646830712,0.00804384,0.17159763313609466,1.0
