,Precision@k,Recall@K,MAP@K,nDCG@k,MRR@k,HitRate@k,Coverage@K,Time_fit,Time_predict
5,0.06156156156156157,0.01474346098899222,0.03626976976976977,0.061323226594768056,0.11203453689813614,0.20405405405405405,0.02748718668819771,168.47049975395203,6.802189826965332
10,0.06352584727584727,0.02473387841439191,0.028586628082163796,0.061088204262979326,0.12427464127540588,0.2963963963963964,0.0404409183458541,168.47049975395203,6.802189826965332
20,0.07021054535953916,0.041663874103388905,0.023549801873185745,0.06205812290575183,0.1312810629606247,0.3981981981981982,0.05802850523063961,168.47049975395203,6.802189826965332
100,0.1517583843871302,0.1469566318865395,0.021232797283742586,0.08762028671246579,0.1378965973854065,0.6608108108108108,0.14056027522291653,168.47049975395203,6.802189826965332
