,Precision@k,Recall@K,MAP@K,nDCG@k,MRR@k,HitRate@k,Coverage@K,Time_fit,Time_predict
5,0.05705705705705707,0.011646964030341173,0.03484459459459459,0.05814955596712165,0.1065165176987648,0.1891891891891892,0.020290669100610826,60.249337911605835,6.219843864440918
10,0.05845541970541971,0.021174855551848806,0.026974192730145112,0.05737366909455522,0.11831367015838623,0.2779279279279279,0.030576423506283788,60.249337911605835,6.219843864440918
20,0.06670336321458613,0.038855041986009656,0.022071348948165852,0.0588536558959255,0.1256474405527115,0.38288288288288286,0.045250298392192655,60.249337911605835,6.219843864440918
100,0.13802499267798946,0.13333362246643393,0.019042179999049582,0.08070238073901051,0.1318742334842682,0.6360360360360361,0.11489854665449695,60.249337911605835,6.219843864440918
