,Precision@k,Recall@K,MAP@K,nDCG@k,MRR@k,HitRate@k,Coverage@K,Time_fit,Time_predict
5,0.15240096425792005,0.042805322718700974,0.11000231257394857,0.15967830043894407,0.2652914822101593,0.39185695575422813,0.3730701453001873,,
10,0.14206750076603733,0.06753290855657346,0.08470527416086364,0.14719597483427194,0.2782825529575348,0.48907237628836625,0.5092267281412437,,
20,0.14470684829512387,0.10237367560946105,0.06881691327813512,0.1404232860004378,0.28513041138648987,0.5874152952565344,0.6603677391468186,,
100,0.23638576015379786,0.23280951336088607,0.062077433288005184,0.16670558802587818,0.29005807638168335,0.7803997494447924,0.9305972713267647,,
