,Precision@k,Recall@K,MAP@K,nDCG@k,MRR@k,HitRate@k,Coverage@K
5,0.007897282954427265,0.00256202701294039,0.0028067671761479863,0.006539988769490771,0.012368688359856606,0.034983201387427526,0.00017878639793084543
10,0.007305041012019511,0.004013747475318854,0.0019512671110897641,0.006245431919335277,0.014803506433963776,0.055468075379692186,0.00026222005029857327
20,0.008893241426726208,0.007053616018634329,0.0016127809260650795,0.006929142671488258,0.017435291782021523,0.09452212845314892,0.0003814109822524702
100,0.03349486060363773,0.03337377361516285,0.002044170151717843,0.016332558935078158,0.022445768117904663,0.3143553759188442,0.0013111002514928664
