,Precision@k,Recall@K,MAP@K,nDCG@k,MRR@k,HitRate@k,Coverage@K,Time_fit,Time_predict
5,0.009769798523838023,0.008056927621026472,0.00478217966620121,0.00785197861066927,0.012583683,0.02549371633752244,0.19435974928245067,3.461221694946289,517.0303795337677
10,0.014875314658079468,0.014087672074484525,0.005023775006600375,0.00968981858775666,0.014821854,0.04256134051466188,0.2498055240121961,3.461221694946289,517.0303795337677
20,0.02405303806531358,0.023785554866024735,0.005518936613836942,0.012602078084883131,0.016627034,0.06901256732495512,0.3178855318806499,3.461221694946289,517.0303795337677
100,0.0788304967916522,0.07882469016564325,0.0068439546979144235,0.025377648578722642,0.019097375,0.18089766606822263,0.5195414837400192,3.461221694946289,517.0303795337677
