,Precision@k,Recall@K,MAP@K,nDCG@k,MRR@k,HitRate@k,Coverage@K,Time_fit,Time_predict
5,0.019583615254910803,0.017233365216554806,0.009797249161395181,0.015656956498199207,0.023626639,0.04807165641009118,0.0803313504645147,,
10,0.03173269640792275,0.030923263745217873,0.010941157047879515,0.02049651188498854,0.02832541,0.08393208106453588,0.12302845467081358,,
20,0.05114507759651487,0.05097199569615859,0.012287571464204845,0.026994088119920732,0.031764682,0.13451686696523504,0.1871546335718815,,
100,0.13980615344741326,0.13980615344741326,0.014864616383643378,0.04925560096538349,0.035950102,0.31523665302703224,0.5201558112147839,,
