,Precision@k,Recall@K,MAP@K,nDCG@k,MRR@k,HitRate@k,Coverage@K
5,0.005146694822171686,0.0042353355597305326,0.0027508872722678585,0.004501138534187019,0.007954703643918037,0.014883162389195712,0.0001586562870198003
10,0.008888837322029877,0.008425877488225708,0.0029934182578112115,0.0059382129562065965,0.009741945192217827,0.028472641202951687,0.00023269588762904044
20,0.016270321737318225,0.016076474088433983,0.0034135989406295186,0.008335464135888329,0.011353579349815845,0.05233617208892189,0.00040192926045016077
100,0.0528669695228292,0.0528602379372087,0.0042224758894242684,0.017100107151432942,0.013531903736293316,0.15222826843644127,0.0017663733288204434
