,Precision@k,Recall@K,MAP@K,nDCG@k,MRR@k,HitRate@k,Coverage@K,Time_fit,Time_predict
5,0.0671021021021021,0.015090921040314524,0.039204329329329324,0.06476273237489823,0.10981982201337814,0.2072072072072072,0.04068665309274731,2.9965620040893555,7.701972723007202
10,0.06860556985556986,0.026948706946272286,0.03107837216468169,0.06442612625386492,0.12284713238477707,0.3054054054054054,0.05462332373797655,2.9965620040893555,7.701972723007202
20,0.0775939780506344,0.04756496592279131,0.025510606255786557,0.06625953289457519,0.13073566555976868,0.42027027027027025,0.0729130098995998,2.9965620040893555,7.701972723007202
100,0.16606387503871464,0.1610611884832377,0.023187422178915285,0.09422917387612695,0.1370742917060852,0.6702702702702703,0.15600645931334692,2.9965620040893555,7.701972723007202
