,Precision@k,Recall@K,MAP@K,nDCG@k,MRR@k,HitRate@k,Coverage@K
5,0.0005632360471070148,0.0005278778594875476,0.00035842293906810036,0.00048448320090873254,0.0007126782,0.0011074197120708748,8.212810341570782e-05
10,0.0017513732174540232,0.0017430475399878463,0.00047025566545327445,0.0008672391838725878,0.0009440853,0.003143643053620548,0.00014783058614827407
20,0.0060483662294829365,0.006044416907968487,0.0007435019876454678,0.002055307060306584,0.0014029648,0.010324009573822027,0.0002792355516134066
100,0.021238126969783513,0.021238126969783513,0.0010698223087595483,0.005147662107667597,0.001995939,0.037866609509520234,0.0011333678271367679
