,Precision@k,Recall@K,MAP@K,nDCG@k,MRR@k,HitRate@k,Coverage@K,Time_fit,Time_predict
5,0.00028909329829172143,0.00015178284908516027,0.00010249671484888305,0.00025185478029804827,0.0005124836,0.0014454664914586072,0.00038360718624128894,9.70510196685791,14.225701808929443
10,0.0005354274868072502,0.0004699326862019139,0.0001038559678507116,0.00039635659160606464,0.000852262,0.004073587385019711,0.0007672143724825779,9.70510196685791,14.225701808929443
20,0.0009025840885043173,0.0008915698729148125,0.0001194418546540978,0.0005774995062000792,0.001100679,0.00788436268068331,0.0014065596828847261,9.70510196685791,14.225701808929443
100,0.003918559080841127,0.003918559080841127,0.0001793878518698428,0.0015701611329769715,0.0015831122,0.03245729303547963,0.0069049293523432,9.70510196685791,14.225701808929443
