,Precision@k,Recall@K,MAP@K,nDCG@k,MRR@k,HitRate@k,Coverage@K
5,0.0003088008234688626,0.00013646501037134078,0.0001200892091267799,0.0002846868090623488,0.0006004461,0.001544004117344313,0.9561589318955004
10,0.0008835134671470235,0.0008021769305306641,0.00015583004517641678,0.0004629154599941052,0.0007791503,0.003088008234688626,0.9978175749406252
20,0.001260936695831189,0.0012396447637782193,0.00016458666066132096,0.0005905759599715808,0.00089252065,0.0051466803911477095,1.0
100,0.006186429872594612,0.006186429872594612,0.00025470176050078705,0.0018908055182051654,0.0013978343,0.027792074112197633,1.0
