,Precision@k,Recall@K,MAP@K,nDCG@k,MRR@k,HitRate@k,Coverage@K
5,0.08703047484053864,0.006940955359624783,0.04562721474131821,0.08532235310940747,0.16216633,0.3253012048192771,0.26941601444912705
10,0.08936924167257264,0.014376428137310292,0.03560780938881577,0.08757284748172833,0.18290108,0.481218993621545,0.4145093317278748
20,0.09190684305850853,0.02966319806991778,0.028309036889491924,0.08994994374414675,0.19420107,0.6442239546420978,0.5830824804334738
100,0.21413566522835142,0.21188412396874812,0.042243505572569,0.16827643029873715,0.20160334,0.9213323883770376,0.8193859121011439
