,Precision@k,Recall@K,MAP@K,nDCG@k,MRR@k,HitRate@k,Coverage@K,Time_fit,Time_predict
5,0.0008344283837056505,0.0004310615439008466,0.00035676741130091983,0.0007853111382813684,0.0017017084,0.003942181340341655,0.050955821239051215,0.5162711143493652,13.516146183013916
10,0.001266608263980143,0.0011195436523895256,0.0003097184851455548,0.0010085178425201366,0.0023739648,0.008935611038107753,0.06578863244038105,0.5162711143493652,13.516146183013916
20,0.0022092147310258966,0.002150761317557276,0.0003361624083332322,0.0014533079902437046,0.0029917855,0.018528252299605783,0.08535259893868678,0.5162711143493652,13.516146183013916
100,0.012495112280015291,0.012495112280015291,0.0005316874382350186,0.004591024872516451,0.0043086964,0.08528252299605782,0.17006585256697143,0.5162711143493652,13.516146183013916
