,Precision@k,Recall@K,MAP@K,nDCG@k,MRR@k,HitRate@k,Coverage@K,Time_fit,Time_predict
5,0.018096166341780375,0.006482733473441395,0.009438352826510722,0.018154528607750218,0.037808638,0.07407407407407407,0.06251380605257345,,
10,0.022079310931650116,0.013527188454476593,0.00745554922297415,0.01959145688782956,0.04508803,0.1301169590643275,0.08084824387011266,,
20,0.03043187597088797,0.025192679620125214,0.00668844944413369,0.02242069847034183,0.04969906,0.199317738791423,0.10838671673661733,,
100,0.09537539683923899,0.09467136939005144,0.008063413434714934,0.044794129777560254,0.056615196,0.49171539961013644,0.22259038362418085,,
