,Precision@k,Recall@K,MAP@K,nDCG@k,MRR@k,HitRate@k,Coverage@K,Time_fit,Time_predict
5,0.005799220272904484,0.0017847882644142677,0.0027310753736192336,0.0055795251268273525,0.01158219575881958,0.025341130604288498,0.0013990133274427508,,
10,0.006887395959033386,0.003424225558253969,0.002161264142867457,0.006284347828005961,0.014997756108641624,0.05165692007797271,0.0022826006921434355,,
20,0.009932279010151387,0.0072858617790562035,0.001944752963477185,0.007965100949265426,0.01873389631509781,0.10623781676413255,0.004786098225462042,,
100,0.04323647056880584,0.0427387435467329,0.002326792572720943,0.01915520907946591,0.023433618247509003,0.3484405458089669,0.020617038509682644,,
