,Precision@k,Recall@K,MAP@K,nDCG@k,MRR@k,HitRate@k,Coverage@K
5,0.028365736003508262,0.027046394946998963,0.013431637674803877,0.020546238491010102,0.026835747,0.05744774155825172,0.004842056721235877
10,0.06402091265780785,0.06340382895123348,0.01783463536329223,0.03398391173792309,0.035590846,0.1270282122496711,0.006917223887479825
20,0.12735082529172004,0.12711992428292598,0.021970999489404675,0.05164600001691015,0.041620888,0.22350533547726942,0.010836984090385058
100,0.310914924183499,0.3109107672619963,0.027165311933538938,0.09228268930061538,0.047522217,0.4775617599766116,0.0447313811390362
