,Precision@k,Recall@K,MAP@K,nDCG@k,MRR@k,HitRate@k,Coverage@K
5,3.993078663649674e-05,3.434906377333053e-05,2.4402147388970228e-05,4.182463060707243e-05,8.873508e-05,0.0001331026221216558,0.9977084615910801
10,5.7955100048804294e-05,5.445310565628895e-05,2.640759984281214e-05,5.4161880356921496e-05,0.00011289955,0.00029948089977372555,1.0
20,0.0003309937378385402,0.0003281236915902161,4.449038031820522e-05,0.00012680821068208328,0.00014115502,0.0007320644216691069,1.0
100,0.002201317783793331,0.002201148586990591,8.292895664755966e-05,0.0004976863397273532,0.00021836461,0.004558764807666711,1.0
