,Precision@k,Recall@K,MAP@K,nDCG@k,MRR@k,HitRate@k,Coverage@K
5,0.0069767441860465115,0.00555914319570203,0.006072812846068661,0.007454704077741085,0.0118632335,0.014950166112956811,0.0005070565368038536
10,0.0074576148288772875,0.006191404286621928,0.005644280968201233,0.007526386645877953,0.013267284,0.024916943521594685,0.0008450942280064227
20,0.011856961776958845,0.011100608516743991,0.005699222476084499,0.00861173732931748,0.014248918,0.04152823920265781,0.0014789148990112398
100,0.024574267608365574,0.024491463607298543,0.005851086976268351,0.011817902993101169,0.015521813,0.10215946843853821,0.006000169018845601
