,Precision@k,Recall@K,MAP@K,nDCG@k,MRR@k,HitRate@k,Coverage@K,Time_fit,Time_predict
5,0.014835164835164835,0.011144691758154445,0.007690109890109891,0.01247217114365197,0.020630037412047386,0.04,0.015459705382186002,,
10,0.022100907029478464,0.019529478553287745,0.007867545351473921,0.015103101571929916,0.024405112490057945,0.06835164835164835,0.021798184588882264,,
20,0.031123479845020688,0.029511484447570662,0.008123342891810485,0.017867513722278246,0.026750177145004272,0.10241758241758242,0.031626140153271934,,
100,0.06949689143666474,0.06921590471707212,0.008774815946741189,0.027339087693772617,0.02916640043258667,0.20901098901098902,0.06013825393670355,,
