,Precision@k,Recall@K,MAP@K,nDCG@k,MRR@k,HitRate@k,Coverage@K,Time_fit,Time_predict
5,0.1513647642679901,0.10847755430424835,0.08797215329473393,0.1452956296047911,0.2500620484352112,0.45161290322580644,0.24250681198910082,,
10,0.2008911339556501,0.18983073125043276,0.08514624838309554,0.1651457237193206,0.2706664502620697,0.6104218362282878,0.329700272479564,,
20,0.31725380159881655,0.31549887725341225,0.09826650358647165,0.21163518918637603,0.28125008940696716,0.7630272952853598,0.45776566757493187,,
100,0.7467600842250383,0.7467600842250383,0.13125913146276502,0.3441299687452956,0.2870292663574219,0.9627791563275434,0.888283378746594,,