,Precision@k,Recall@K,MAP@K,nDCG@k,MRR@k,HitRate@k,Coverage@K,Time_fit,Time_predict
5,0.15727874276261375,0.1123721811827462,0.0934032947339399,0.15148316594480007,0.26269644498825073,0.44168734491315137,0.1553133514986376,,
10,0.20574806018354405,0.1940436637531364,0.08890004779597716,0.17088550272802613,0.28531894087791443,0.607940446650124,0.2098092643051771,,
20,0.3201010093516662,0.3183753953817563,0.10124031063117406,0.21629166633624342,0.2970407009124756,0.7729528535980149,0.29427792915531337,,
100,0.747904227266263,0.747904227266263,0.13529201993481468,0.34970432487907405,0.3024071455001831,0.9553349875930521,0.6839237057220708,,
