,Precision@k,Recall@K,MAP@K,nDCG@k,MRR@k,HitRate@k,Coverage@K,Time_fit,Time_predict
5,0.061127637291170454,0.02188005925664625,0.03563142113887059,0.06017665110121617,0.10899592936038971,0.19599655399584454,0.49772583338131154,,
10,0.06729626224381202,0.03958751942838309,0.028911694995186244,0.06134841545704379,0.12079071998596191,0.2851821821314549,0.5666417180033393,,
20,0.08651191859263402,0.07019418786915073,0.02594174158238117,0.06722805590937564,0.1279473900794983,0.3886788628186287,0.6419482986930739,,
100,0.23781528884853714,0.2359771876465234,0.030135877248943923,0.11495237894571926,0.1343766152858734,0.6509501849693407,0.8321722609246358,,
