,Precision@k,Recall@K,MAP@K,nDCG@k,MRR@k,HitRate@k,Coverage@K,Time_fit,Time_predict
5,0.09135129215943934,0.07528079490677723,0.06398156665206599,0.09584072471633329,0.1806657761335373,0.25873850197109066,0.006178798995945163,,
10,0.09392507769643117,0.09010269238970424,0.05720153512322338,0.09253562488414217,0.18797233700752258,0.3140604467805519,0.009396923472999936,,
20,0.10969884057581318,0.10923606031762016,0.05696628803115589,0.09747995421959146,0.19295726716518402,0.38659658344283837,0.014610285125828668,,
100,0.1927888091658451,0.1927888091658451,0.05984959018199318,0.1234663167169997,0.19795958697795868,0.6017082785808148,0.04692025487545858,,
