,Precision@k,Recall@K,MAP@K,nDCG@k,MRR@k,HitRate@k,Coverage@K,Time_fit,Time_predict
5,0.012055503646185736,0.010418546692924602,0.005563637307443088,0.009255829224779109,0.013860876,0.03080194606437478,0.011058908565233104,287.4703459739685,130.86068630218506
10,0.02020990308034803,0.01962976637227807,0.00631499245696663,0.01257865604433404,0.01725079,0.056642072365241485,0.01694976508854355,287.4703459739685,130.86068630218506
20,0.035727383168997845,0.03560084114191545,0.007372806406544439,0.017745441648976897,0.020074613,0.09820536778683507,0.026400433682688833,287.4703459739685,130.86068630218506
100,0.11237597283269654,0.11237597283269654,0.009476951118268524,0.03667263358142605,0.023716943,0.26043109836646583,0.07347307553306831,287.4703459739685,130.86068630218506
