,Precision@k,Recall@K,MAP@K,nDCG@k,MRR@k,HitRate@k,Coverage@K,Time_fit,Time_predict
5,0.008468387193779467,0.007328317190084385,0.003948790511683188,0.006612243896013601,0.010261408984661102,0.022295969326932372,0.005981207083483917,150.73498368263245,234.40691256523132
10,0.014039579488076444,0.013621092205391021,0.0044506418941223725,0.00885723320985494,0.012607238255441189,0.040435609111705385,0.009622334658474882,150.73498368263245,234.40691256523132
20,0.026956457677242494,0.026850259258163364,0.005315202225170751,0.013158140086622503,0.01503066811710596,0.07642491220156587,0.015124683773039393,150.73498368263245,234.40691256523132
100,0.09804682175419019,0.09804682175419019,0.007241706533983565,0.030685305731173073,0.018584003672003746,0.23269001514321616,0.04670220455366823,150.73498368263245,234.40691256523132
