,Precision@k,Recall@K,MAP@K,nDCG@k,MRR@k,HitRate@k,Coverage@K
5,0.012799516282283837,0.009891563847694,0.00696727707235611,0.011685890358972668,0.021280989,0.039751230888831306,0.001981023876550933
10,0.017149602866109732,0.015972103701742225,0.006652857667785665,0.013191604874995056,0.024298713,0.06390256543145893,0.0031279324366593683
20,0.03019025150327313,0.029832941407525775,0.007396153329459601,0.017718216129675748,0.02724289,0.10650427571909821,0.005213220727765614
100,0.08908612534753971,0.08908200644929262,0.008885875459245778,0.03288746950058971,0.030594882,0.2576833376522415,0.01928891669273277
