,Precision@k,Recall@K,MAP@K,nDCG@k,MRR@k,HitRate@k,Coverage@K,Novelty@K,Diversity@k,Time_fit,Time_predict
5,0.09512252591894439,0.09070150638236207,0.04904400984396272,0.07004525698767598,0.08561891297518065,0.1705937794533459,0.35636722606120436,5.135115513089369,0.7098477736981881,0.3117377758026123,1.9538021087646484
10,0.14830311326541296,0.14683019624903074,0.05563429802576946,0.08981492618312696,0.09804878596113281,0.266258246936852,0.4960513326752221,5.241857359960895,0.7434258218579577,0.3117377758026123,1.9538021087646484
20,0.22034292121833302,0.22001166266591307,0.06177410230421392,0.11267993925236375,0.10610392433304693,0.38124410933082,0.6530108588351431,5.420931047874392,0.777773446451481,0.3117377758026123,1.9538021087646484
100,0.44325128590250373,0.44325128590250373,0.06956949565165901,0.16445666818453794,0.11276807629213377,0.6427898209236569,0.9259624876604146,5.982027180969648,0.8515848604352035,0.3117377758026123,1.9538021087646484
