,Precision@k,Recall@K,MAP@K,nDCG@k,MRR@k,HitRate@k,Coverage@K,Time_fit,Time_predict
5,0.09538299253489128,0.09124239385602455,0.04951625554473656,0.07016033271335022,0.08536189794540405,0.16893865628042842,0.3418522267206478,,
10,0.1501528183490209,0.14873987925046792,0.05652068701006314,0.09049810950662189,0.09774598479270935,0.2643622200584226,0.4749493927125506,,
20,0.22518255911653526,0.22487683985709495,0.0626669406640928,0.11382341441127887,0.10586035251617432,0.381207400194742,0.6338562753036437,,
100,0.4479242845619429,0.4479242845619429,0.07031432596284665,0.16523828199195775,0.11246216297149658,0.6445959104186952,0.9205465587044535,,
