,Precision@k,Recall@K,MAP@K,nDCG@k,MRR@k,HitRate@k,Coverage@K,Time_fit,Time_predict
5,0.08122043454345433,0.06407090787106277,0.05045128575357536,0.07813472642537632,0.13749313354492188,0.2181930693069307,0.22679153330130636,,
10,0.10042701293938917,0.09465479054927277,0.047523342582510335,0.08320533321887986,0.14711137115955353,0.2913778877887789,0.36385736032088717,,
20,0.138110378771904,0.13673267781542497,0.04931467938907334,0.09527127188749,0.15295079350471497,0.375990099009901,0.5379548651104641,,
100,0.28587241683287173,0.285831903908407,0.05492720751879417,0.13460940270287028,0.15796558558940887,0.58246699669967,0.8993812619015923,,
