,Precision@k,Recall@K,MAP@K,nDCG@k,MRR@k,HitRate@k,Coverage@K
5,0.0010329873800126687,0.0008184158146873769,0.0005664782601633939,0.0009474634177809874,0.0017127127,0.00321590410758661,1.0
10,0.0018521032152080243,0.001778301078767934,0.0006202758190771639,0.0012609450503113934,0.0020808827,0.005993275836865955,1.0
20,0.004215185262632746,0.004187286649908753,0.0007549934773226612,0.0019355242758613228,0.0024357436,0.01140184183598889,1.0
100,0.023541444574003593,0.02354016552123353,0.001140571165689553,0.006099113959413346,0.003317618,0.05598596696389417,1.0
