,Precision@k,Recall@K,MAP@K,nDCG@k,MRR@k,HitRate@k,Coverage@K
5,0.04762762762762763,0.009646399141931829,0.02685135135135135,0.04698917308244566,0.0875,0.1662162162162162,0.004037070841817033
10,0.046618404118404115,0.016768564654464246,0.02013551029771268,0.045242883183623434,0.096842386,0.23738738738738738,0.006283788527697816
20,0.05222737042396485,0.030225058201690077,0.016125588451630535,0.04598677861186201,0.103267826,0.33063063063063064,0.009373025345783895
100,0.11542730706267362,0.11174096344312702,0.013947807847300072,0.06547227417596554,0.110023566,0.6058558558558559,0.025907463315312785
