,Precision@k,Recall@K,MAP@K,nDCG@k,MRR@k,HitRate@k,Coverage@K,Time_fit,Time_predict
5,0.06869148704550404,0.01923998578664118,0.04230277959213295,0.06939086791229047,0.12589267,0.2155453951665578,0.05401973798118543,,
10,0.07221794552787368,0.033931707054617705,0.03343890756522751,0.06867575709697157,0.13780364,0.30502939255388634,0.07543140762971086,,
20,0.08238251030399568,0.057287356811764056,0.027572454825080667,0.06983755512972302,0.14449346,0.40137165251469625,0.10734691521902233,,
100,0.18372783531328524,0.18093380676402016,0.025875668481734348,0.10000461168482679,0.15002999,0.6316133246244284,0.23212327581231604,,
