,Precision@k,Recall@K,MAP@K,nDCG@k,MRR@k,HitRate@k,Coverage@K
5,8.484496998206441e-05,7.241543955788245e-05,2.4137856966416425e-05,5.247350719919932e-05,6.766118e-05,0.0002577568708315881,0.9746024575352367
10,0.0001669026880870809,0.00016429547539475157,3.512448787443149e-05,9.195166267310404e-05,0.000114596965,0.0006121725682250217,0.9993675460787856
20,0.00023435837208393302,0.0002337542544179215,3.9187784829135094e-05,0.00011665467910032518,0.00013454545,0.0009021490479105583,1.0
100,0.0009228489166926022,0.0009228489166926022,5.240738387399822e-05,0.00028066898371308677,0.00018092223,0.0032541804942487996,1.0
