,Precision@k,Recall@K,MAP@K,nDCG@k,MRR@k,HitRate@k,Coverage@K,Novelty@K,Diversity@k,Time_fit,Time_predict
5,0.01310193871169481,0.007420531649735281,0.006761517615176152,0.011457167029507885,0.019035334584115073,0.0375234521575985,0.025607437143460806,6.672482075854663,0.9197238722830224,0.10236406326293945,0.006580352783203125
10,0.015545988564281247,0.011189713242250548,0.005989960243009024,0.012301172188536786,0.021777561869025283,0.058161350844277676,0.03777730826114515,6.877713126607313,0.9329762351930251,0.10236406326293945,0.006580352783203125
20,0.0201015616408509,0.01705800985410459,0.00573188218785869,0.01401015257884457,0.023879059644144534,0.08818011257035648,0.05822945277836467,7.126301778591586,0.9438889526560159,0.10236406326293945,0.006580352783203125
100,0.051247605186714326,0.050892985554617756,0.0059026668684555895,0.022051954779035227,0.02626451875481855,0.19090056285178236,0.16856116627931544,7.863130562509631,0.9633760170902869,0.10236406326293945,0.006580352783203125
