,Precision@k,Recall@K,MAP@K,nDCG@k,MRR@k,HitRate@k,Coverage@k,Diversity@k,Novelty@k
0,0.0008305647840531562,0.00023661561023037824,0.00035714285714285714,0.0007986918395976193,0.0017857144121080637,0.004152823920265781,0.11704555057888955,0.9351072871195601,372.1869008164657
1,0.0014534883720930232,0.0007465048449847552,0.00040424115382587143,0.0012442091096154593,0.00265154498629272,0.01079734219269103,0.15638468689258853,0.9433252260582735,574.957948203258
2,0.004394640981019719,0.0040233233154014425,0.0005217109617812324,0.002174445525213911,0.00355156185105443,0.024916943521594685,0.20214653933913632,0.9539410167922393,852.9141173042714
3,0.016825102494835004,0.01676311862682233,0.000770827902866899,0.005533421521331069,0.004837069660425186,0.08637873754152824,0.28796585819318854,,1724.3029916886512
