,Precision@k,Recall@K,MAP@K,nDCG@k,MRR@k,HitRate@k,Coverage@K
5,0.1393093465674111,0.09828040458226961,0.07906844499586435,0.13257556853861888,0.23103806,0.41811414392059554,0.12806539509536785
10,0.18066190082319114,0.1697157098213118,0.07505472037634096,0.1487565593407401,0.25060263,0.5694789081885856,0.1771117166212534
20,0.2862566556512984,0.284731016546981,0.0854446061760919,0.19048213366687752,0.26253635,0.7444168734491315,0.2561307901907357
100,0.726119535947975,0.726119535947975,0.11750769381826288,0.32538949774815107,0.26837733,0.9540942928039702,0.670299727520436
