,Precision@k,Recall@K,MAP@K,nDCG@k,MRR@k,HitRate@k,Coverage@K,Novelty@K,Diversity@k,Time_fit,Time_predict
5,0.2024139924833767,0.03254839744687464,0.14701647875108412,0.21004789629743742,0.33315987279560566,0.49262792714657416,0.06336,3.882792064941675,0.5261514069009042,1.3547077178955078,0.664414644241333
10,0.19246582414405486,0.05383943425752688,0.11855451067870532,0.1997458029977641,0.3478988559864536,0.6019080659150043,0.0896,3.9346379989420788,0.5582328061888064,1.3547077178955078,0.664414644241333
20,0.19153061750955522,0.09078079726809059,0.09772563329296989,0.19227561569106946,0.35397637216596506,0.6877710320901995,0.1264,4.01227034415524,0.5959184031770811,1.3547077178955078,0.664414644241333
100,0.28871683870768405,0.27000753142630873,0.07872891172261273,0.21958223755539974,0.35839008288801283,0.8647007805724197,0.27584,4.384932848106192,0.7028457602803473,1.3547077178955078,0.664414644241333
