,Precision@k,Recall@K,MAP@K,nDCG@k,MRR@k,HitRate@k,Coverage@K,Time_fit,Time_predict
5,0.003073306140947201,0.0028111248713877717,0.0016987499055819927,0.0025235372722955942,0.003686268115416169,0.007239972807613868,0.25308771195310864,,
10,0.004622719130706894,0.0045256280253134825,0.001833881343155889,0.003100506169961822,0.004287548828870058,0.011930659415363698,0.38108695435469564,,
20,0.006560355420589028,0.006521625482040358,0.0019547104167355503,0.0037261629384944734,0.004714176524430513,0.01804894629503739,0.5358064934158717,,
100,0.015937276316264008,0.015935114707462644,0.0021719408498142444,0.005981100773695433,0.005379539914429188,0.04700883752549286,0.844617562327422,,
