,Precision@k,Recall@K,MAP@K,nDCG@k,MRR@k,HitRate@k,Coverage@K,Novelty@K,Diversity@k,Time_fit,Time_predict
5,0.017414739317914544,0.013515148906851432,0.008273879524369528,0.013892183670347032,0.022197177577420617,0.047432379459035674,0.0004405471175631451,4.56758319926489,0.8814431270080342,0.3398735523223877,39.06497097015381
10,0.024611652448775143,0.022242387907398284,0.008201783268587138,0.016275219879026057,0.025680094329643525,0.07585260682085457,0.0007971804984475959,4.764429716746234,0.892025671002561,0.3398735523223877,39.06497097015381
20,0.038560426688686054,0.037052205460441905,0.008903821530010354,0.020952736773436093,0.029208909233156083,0.12524500196001567,0.0014475119577074768,5.039389123574655,0.9047142061340537,0.3398735523223877,39.06497097015381
100,0.10306245173353266,0.10278983678354998,0.010306200524731355,0.03677509096773216,0.03292742478621217,0.2875343002744022,0.005265586976588067,6.010089123819396,0.9397314621897471,0.3398735523223877,39.06497097015381
