,Precision@k,Recall@K,MAP@K,nDCG@k,MRR@k,HitRate@k,Coverage@K
5,0.01698168498168498,0.01312626069495914,0.00803052503052503,0.013409042407681964,0.021065935,0.0454945054945055,0.0004615255517328187
10,0.02398133612419327,0.021591397360081015,0.008056567484543675,0.01576414500141214,0.024421072,0.07230769230769231,0.0007971804984475959
20,0.03836168531283865,0.0367714388250979,0.008799573361428772,0.020480522184222423,0.027871814,0.12153846153846154,0.0014475119577074768
100,0.10308877419466075,0.10281991954321497,0.010156657230065098,0.03600200186438304,0.031412438,0.27582417582417584,0.005286565410757741
