,Precision@k,Recall@K,MAP@K,nDCG@k,MRR@k,HitRate@k,Coverage@K,Time_fit,Time_predict
5,0.008312792483835244,0.008200548911878817,0.004110501831807158,0.005782263506259109,0.006576049141585827,0.013539099060479405,0.0052479858082637295,42.60510802268982,158.90859460830688
10,0.01342325377262683,0.013391918138470404,0.004752480400901434,0.00757925558768115,0.007646823767572641,0.02175543885971493,0.008631663668990892,42.60510802268982,158.90859460830688
20,0.019528822745587794,0.019519917802005463,0.00517183321003335,0.009326174693683804,0.008375627920031548,0.03243668059872111,0.01407675692545232,42.60510802268982,158.90859460830688
100,0.05205083748175718,0.05205083748175718,0.005865783261790656,0.015831773640503935,0.009509595111012459,0.08602150537634409,0.04640237842987492,42.60510802268982,158.90859460830688
