,Precision@k,Recall@K,MAP@K,nDCG@k,MRR@k,HitRate@k,Coverage@K,Novelty@K,Diversity@k,Time_fit,Time_predict
5,0.1642988408255584,0.02248759290274651,0.12099955235133353,0.1714059981225201,0.27355456601639805,0.4039440203562341,0.059465074006751495,3.172470219959467,0.6266300786257365,906.613436460495,11.746719360351562
10,0.15194996432273786,0.040082725851147624,0.09382788473744036,0.15887852810351785,0.287126735059305,0.5059372349448685,0.07894053492599325,3.332233151025898,0.65842149186133,906.613436460495,11.746719360351562
20,0.14724884523870158,0.06813988340912405,0.07381840200510999,0.1496393485716566,0.2946666084484249,0.6140797285835454,0.1076992988834069,3.53291535070277,0.6925175405381033,906.613436460495,11.746719360351562
100,0.2278772380961473,0.21384750768202954,0.05568446774521156,0.1704506029115776,0.30002753713283986,0.8216709075487701,0.21689171643728902,4.207073882808912,0.7798962497703666,906.613436460495,11.746719360351562
