,Precision@k,Recall@K,MAP@K,nDCG@k,MRR@k,HitRate@k,Coverage@K,Novelty@K,Diversity@k,Time_fit,Time_predict
5,0.15407831495617755,0.021627430926758583,0.11283915276599756,0.1598411993075913,0.2537920554141928,0.37765055131467345,0.04271617761620358,2.941547516787148,0.5818800775499333,575.5287208557129,11.731377363204956
10,0.14342494984988624,0.03771816602538183,0.0884418405532508,0.14939886924165574,0.2680248428180998,0.48388464800678543,0.0621267203323812,3.098563860885887,0.6187072446480012,575.5287208557129,11.731377363204956
20,0.13984135805899114,0.06437070709313043,0.06998216746451559,0.14158830423882734,0.275507510404587,0.5901187446988974,0.08621137366917683,3.3028794808772024,0.6579428214580667,575.5287208557129,11.731377363204956
100,0.21435212606382134,0.20081157641385475,0.05263045960725597,0.16051261151910373,0.2809967982047698,0.8044953350296862,0.1827447416255518,3.988318839463477,0.756859707316055,575.5287208557129,11.731377363204956
