,Precision@k,Recall@K,MAP@K,nDCG@k,MRR@k,HitRate@k,Coverage@k,Diversity@k,Novelty@k
0,0.022214136709843305,0.0028300082858980693,0.011765875903556008,0.023521969607941114,0.0528525710105896,0.101586377528744,0.5306922521407201,0.2970657010244494,202.2285380076922
1,0.020806911033952224,0.004959763210162635,0.007514243427606007,0.02195667436574528,0.062060754746198654,0.17231843981953138,0.7484782832972248,0.31607357316998697,289.4358418977857
2,0.022708465259008596,0.009396268890288285,0.005167190417581943,0.022769401369844806,0.07157556712627411,0.31276378984136227,0.8850717012276901,0.33938844523272427,408.71343084783325
3,0.05642816251414364,0.050728631851654146,0.004758471858869901,0.04103200805477702,0.08295556157827377,0.7988647940619997,0.9669864850923346,0.4148160980486454,953.6746063861184
