,Precision@k,Recall@K,MAP@K,nDCG@k,MRR@k,HitRate@k,Coverage@k,Diversity@k,Novelty@k
0,0.03793479842817639,0.003470929868068233,0.020412846262067626,0.03802907037008977,0.07528743892908096,0.1480133896084995,0.560198081089446,0.34331827121409464,95.6532461532536
1,0.037042619890822484,0.006482069013577146,0.01484824717092322,0.03734708372750055,0.08733641356229782,0.24072187454518992,0.7561126586196224,0.3630394346960467,144.16200715634238
2,0.036043858383391254,0.011969006073046691,0.010812959470078577,0.03635550709780667,0.09574064612388611,0.36443021394265757,0.8709377901578459,0.38564637102039456,223.19642693367942
3,0.06232984355174012,0.054170642122795126,0.007887344151488626,0.04933559454121557,0.10557674616575241,0.7707757240576335,0.9447023625296606,0.45879332922862404,673.1669041423327
