,Precision@k,Recall@K,MAP@K,nDCG@k,MRR@k,HitRate@k,Coverage@k,Diversity@k,Novelty@k
0,0.02175059952038369,0.021505652620760537,0.012157074340527579,0.01604180168830301,0.018908873200416565,0.031654676258992806,0.21101054678734385,,31.169650785023876
1,0.03488694758478931,0.03487495717711545,0.013790967226219024,0.020416644548142918,0.02100233919918537,0.04892086330935252,0.23793851447378264,,37.474464936958036
2,0.05228245974648853,0.05228245974648853,0.015151880195382543,0.02536568259560141,0.02259797230362892,0.07266187050359713,0.24511930585683298,,49.186948964393586
3,0.11605344295991778,0.11605344295991778,0.017244659266420815,0.03940440309662944,0.024522287771105766,0.15179856115107915,0.24863490163811802,,147.08300511375734
