,Precision@k,Recall@K,MAP@K,nDCG@k,MRR@k,HitRate@k,Coverage@K,Time_fit,Time_predict
5,0.13447418082003773,0.115008001997455,0.09055383999542518,0.12863971398232238,0.2093154937028885,0.3031394750386001,0.2047321491258864,,
10,0.16680942577751634,0.160823154261638,0.08797685634174372,0.13731245873211487,0.21964602172374725,0.38188368502316006,0.3514006880572913,,
20,0.2174721714908246,0.21625278443258966,0.09058990774394932,0.15234596407283937,0.22502298653125763,0.46062789500772,0.5594327037843151,,
100,0.3854378100347275,0.3853001594877108,0.09710164752970663,0.19437983188700103,0.229469433426857,0.6407617086978898,0.9736010671909008,,
