,Precision@k,Recall@K,MAP@K,nDCG@k,MRR@k,HitRate@k,Coverage@K,Time_fit,Time_predict
5,3.399048266485384e-05,1.7467331369438783e-05,1.0083843190573307e-05,2.692198749961678e-05,5.0419218e-05,0.0001699524133242692,0.016353211420777777,12.202722549438477,915.0156688690186
10,0.00012406526172671652,0.00010729935733434754,1.8569324398692175e-05,6.400880404012021e-05,0.00010001565,0.0005438477226376615,0.02489097859052815,12.202722549438477,915.0156688690186
20,0.00033252795999227,0.0003252217239407969,3.020509007016995e-05,0.0001285997205651392,0.00014356186,0.001257647858599592,0.039489977208692996,12.202722549438477,915.0156688690186
100,0.0016700188059858459,0.0016697701681214548,5.7178198521904225e-05,0.0004444111985211914,0.00024574564,0.005982324949014276,0.1583322864885236,12.202722549438477,915.0156688690186
