,Precision@k,Recall@K,MAP@K,nDCG@k,MRR@k,HitRate@k,Coverage@K,Time_fit,Time_predict
5,4.388589666866148e-05,3.111909036505086e-05,2.154398563734291e-05,4.1388327147924416e-05,8.57769773574546e-05,0.0001675643327348893,8.70170553428472e-05,,
10,5.368898008036249e-05,4.4216507871499004e-05,1.8914631481956436e-05,4.630971091717928e-05,0.00010564912372501567,0.0003111909036505087,0.0001837026723904552,,
20,5.609449045925971e-05,5.340438409918936e-05,1.821418998794201e-05,4.733128839975078e-05,0.00011131184874102473,0.00040694195092758827,0.0003770739064856712,,
100,0.0008530381779492486,0.0008529456577655299,3.7422941008712224e-05,0.00023805306247584143,0.00016957501065917313,0.002872531418312388,0.0011215531577522528,,
