,Precision@k,Recall@K,MAP@K,nDCG@k,MRR@k,HitRate@k,Coverage@K,Time_fit,Time_predict
5,0.06868604397996952,0.018515824518975172,0.04206555265258727,0.06879330900468635,0.12191377580165863,0.21129980404964077,0.04588214924684019,,
10,0.07020141934413653,0.03221748122608003,0.032594153976877295,0.06690038859879419,0.13336016237735748,0.29751796211626386,0.06556241703699428,,
20,0.08128151176919612,0.056117926102616573,0.026917493582587753,0.06859110129024941,0.14037179946899414,0.39810581319399085,0.09072545737865759,,
100,0.18075002989666855,0.1781451473800257,0.02476354527270197,0.09711602241705891,0.145996555685997,0.6290006531678641,0.17331332602296992,,
