,Precision@k,Recall@K,MAP@K,nDCG@k,MRR@k,HitRate@k,Coverage@K,Time_fit,Time_predict
5,0.02230514697878949,0.006852737284436121,0.012685457972830346,0.023142931270034025,0.04770951718091965,0.0871278363532135,0.025232720294639983,1211.5669598579407,467.25188159942627
10,0.02144204475782965,0.011617095560487083,0.008839750634119065,0.02168775874217858,0.05403483286499977,0.13531772235485345,0.03642474880511091,1211.5669598579407,467.25188159942627
20,0.024003658760253437,0.019306456093813464,0.006873210595492333,0.021738790584888604,0.058510009199380875,0.20084319601767664,0.05215199227642761,1211.5669598579407,467.25188159942627
100,0.058267434560909416,0.058095154136509015,0.006976353660960395,0.033982352808973736,0.06344766169786453,0.4103795833363568,0.12000738983778114,1211.5669598579407,467.25188159942627
