,Precision@k,Recall@K,MAP@K,nDCG@k,MRR@k,HitRate@k,Coverage@K
5,0.0009847294717816178,0.0002894662538426579,0.00044407985495250495,0.0009337151678694792,0.0019935304,0.004520346627476816,1.0
10,0.0011176447639479113,0.0005675284011110182,0.0003373574045837453,0.0009903917741417344,0.0025259575,0.008630213348198449,1.0
20,0.0015289658173414055,0.001149695121251128,0.00028853418540849293,0.0011363636399473317,0.0030487936,0.01644960218922617,1.0
100,0.005729829801952845,0.00564092644068355,0.00031805790569839097,0.002508459572000378,0.0042039375,0.07244210206253485,1.0
