,Precision@k,Recall@K,MAP@K,nDCG@k,MRR@k,HitRate@k,Coverage@K,Time_fit,Time_predict
5,0.018479117415287627,0.01561432195292372,0.009920212765957444,0.01616437348969582,0.026063832,0.05200945626477541,0.06505542431401054,,
10,0.027333577244924762,0.026269913458179275,0.010298537624926513,0.01990823513510055,0.031306054,0.09219858156028368,0.10594221333817917,,
20,0.04945458494302444,0.049253372277080036,0.011821991856357083,0.02700024144400303,0.035008173,0.14775413711583923,0.1817190623296384,,
100,0.13747343044104574,0.13747343044104574,0.014318627513494973,0.049784265826042035,0.039737158,0.3534278959810875,0.6067599491186626,,
