,Precision@k,Recall@K,MAP@K,nDCG@k,MRR@k,HitRate@k,Coverage@K,Time_fit,Time_predict
5,0.018586080586080585,0.014353372139832059,0.008828937728937728,0.014673717586513074,0.023542127,0.04791208791208791,0.007762020642779223,0.41583251953125,31.07150101661682
10,0.025772632129774986,0.023103043199022528,0.008874147479504622,0.01725521898341183,0.027459359,0.07802197802197802,0.013237391961064026,0.41583251953125,31.07150101661682
20,0.038932971532374454,0.037282649651524,0.009294719398995776,0.021319849855709044,0.030663975,0.12571428571428572,0.02416715616346396,0.41583251953125,31.07150101661682
100,0.09819524258350242,0.09789431511295084,0.010441544208699785,0.035523876781087975,0.033900194,0.2701098901098901,0.10164051355206848,0.41583251953125,31.07150101661682
