,Precision@k,Recall@K,MAP@K,nDCG@k,MRR@k,HitRate@k,Coverage@k,Diversity@k,Novelty@k
0,0.010670257330939556,0.008891647718108483,0.005219515925260989,0.008746048544351393,0.014451227150857449,0.029251944943147815,0.19334936828834307,0.9832786789010476,538.8676233560819
1,0.016957681456783787,0.016124739841863592,0.0056262164969718195,0.01114614399633199,0.017293769866228104,0.051011370436864156,0.2119832974186107,0.9852330453857415,691.9183266721741
2,0.028897206218684614,0.028620469173610854,0.006332654433130988,0.01496135635749774,0.019543424248695374,0.08426092160383004,0.22313325405270076,0.9872413224594254,898.280175051311
3,0.09997544871478259,0.09997000208842755,0.00810305916965479,0.03191168626230914,0.022868724539875984,0.23248354278874925,0.23021486243618058,0.991364884231581,1886.5798911117622
