,Precision@k,Recall@K,MAP@K,nDCG@k,MRR@k,HitRate@k,Coverage@K,Time_fit,Time_predict
5,0.10128712871287128,0.07703222113962242,0.06717999404107078,0.1009947646495841,0.17700494825839996,0.264026402640264,0.12292572248814905,,
10,0.12083303866100896,0.11260475457187644,0.06136739820760232,0.10472391666997077,0.1874828189611435,0.34236798679867986,0.2214202615022197,,
20,0.16186393722512796,0.1599360878045747,0.06241455211123984,0.11719505351410893,0.19335000216960907,0.42702145214521453,0.37953128707942885,,
100,0.31610362950677057,0.31605945047620726,0.0685176094279893,0.15856689685288128,0.198156476020813,0.6211221122112212,0.863206209375416,,
