,Precision@k,Recall@K,MAP@K,nDCG@k,MRR@k,HitRate@k,Coverage@K,Novelty@K,Diversity@k,Time_fit,Time_predict
5,0.02883328484143148,0.00233159395232653,0.015113955969353117,0.029123055636306586,0.05969838037047813,0.11899912714576666,0.22593624264933457,6.234396945435935,0.4291465115090133,13.56882119178772,3.466418981552124
10,0.030075254813398546,0.004800382883634756,0.010729831024964864,0.029864401478668687,0.07230061746355025,0.21486761710794297,0.27659135458578354,6.211849586888243,0.43994487200861465,13.56882119178772,3.466418981552124
20,0.03148409112679401,0.0098247686176282,0.007791999101862072,0.03087332163552286,0.08213090256027995,0.35917951702065753,0.33302383163107396,6.089505447304054,0.45626090916579776,13.56882119178772,3.466418981552124
100,0.05558075396793014,0.047626962833264924,0.00599312399240216,0.044664466254008245,0.0924592354453467,0.780040733197556,0.46270504487774683,5.851032965256081,0.5140475458144842,13.56882119178772,3.466418981552124
