,Precision@k,Recall@K,MAP@K,nDCG@k,MRR@k,HitRate@k,Coverage@k,Diversity@k,Novelty@k
0,0.026623975161305973,0.0025717801917124685,0.013139766166982002,0.02628669191381216,0.05403386056423187,0.11293843690874691,0.4134942742185082,,114.39893337168247
1,0.02755577270931659,0.005254186337416823,0.009404109288405607,0.02703616076089894,0.06590165942907333,0.20375491194877018,0.7322810275456515,,179.91182587735508
2,0.029548633103631382,0.010938485821276458,0.006849564515989766,0.02846200441107229,0.07607205957174301,0.3524959976713724,0.822346022903126,,286.12787076547494
3,0.060031544460575584,0.05303253486594655,0.005915435395270602,0.045385012411141124,0.08642911911010742,0.7760151360791734,0.8237903641803364,,921.8170428291071
