,Precision@k,Recall@K,MAP@K,nDCG@k,MRR@k,HitRate@k,Coverage@k,Diversity@k,Novelty@k
0,0.027642749721049825,0.002717164059838556,0.013564255566875273,0.027528555284566016,0.057919759303331375,0.12181632950080047,0.37129887547714846,,109.07089223980209
1,0.028421962099738265,0.005427357039152318,0.009553571107717764,0.02812332798806326,0.07043162733316422,0.21758113811672244,0.6604766326214794,,172.66060390668525
2,0.029888523471758844,0.010771873861871917,0.0068282643425122466,0.029127030949377904,0.08059270679950714,0.3666133022849658,0.7993397297018467,,277.8025146155609
3,0.060195502375603664,0.05317120822172572,0.005837349610857981,0.045724934332526904,0.09110607951879501,0.79100567602969,0.8107912926854431,,916.8874331674448
