,Precision@k,Recall@K,MAP@K,nDCG@k,MRR@k,HitRate@k,Coverage@k,Diversity@k,Novelty@k
0,0.023112307999202074,0.019535434427374952,0.012059611676308266,0.019270196078996823,0.030714938417077065,0.058958707360861756,0.22795268198034674,,251.95014134713207
1,0.03512577773978133,0.03350672003157737,0.012808683021272431,0.023703665926391438,0.03533202037215233,0.09414721723518851,0.24244673146219117,,332.6500956838745
2,0.05488531798603446,0.054377292166086444,0.013978699027760578,0.029963100459604236,0.03856721147894859,0.14173548773189706,0.24828548180867138,,443.96593976629447
3,0.1478851983948243,0.14787526101272433,0.016589190513609582,0.05231379475752477,0.04229889437556267,0.3022142429682825,0.25044930659251247,,864.8292440319013
