,Precision@k,Recall@K,MAP@K,nDCG@k,MRR@k,HitRate@k,Coverage@K,Time_fit,Time_predict
5,0.0193927615098903,0.014941978758218516,0.010023408482335665,0.017072350144106973,0.030110564082860947,0.058408914226483546,0.3919351153758282,,
10,0.030063611347622744,0.028127791331076894,0.010336709916467809,0.021301689080957777,0.03585263714194298,0.10204716247732573,0.5479780671692941,,
20,0.04964953211434438,0.049160267493872534,0.011445000764200873,0.02795431738246865,0.03987336903810501,0.16055973050012956,0.7266392506282842,,
100,0.14706554497428104,0.14705673845584918,0.014273156101996908,0.05323661243667524,0.04467056319117546,0.3688520342057528,0.9865204477952936,,
