,Precision@k,Recall@K,MAP@K,nDCG@k,MRR@k,HitRate@k,Coverage@K,Novelty@K,Diversity@k,Time_fit,Time_predict
5,0.18511130384504193,0.03221093783289201,0.12627734412643346,0.18823533272055304,0.3037438566059555,0.4822202948829141,0.1024,2.150315601276936,0.5925086202857973,1.0403006076812744,0.005394458770751953
10,0.18549746004212614,0.05995294456574468,0.10255377388660646,0.1845638543106761,0.32246830215173666,0.6183868169991327,0.14016,2.278180580961604,0.6216654254547962,1.0403006076812744,0.005394458770751953
20,0.19237287760490124,0.10283539926321153,0.08540942488241486,0.18209179786521976,0.3302215837305346,0.7250650477016479,0.18304,2.454792983771514,0.6567944586011021,1.0403006076812744,0.005394458770751953
100,0.32960995303350227,0.3126236057979485,0.07708681114923434,0.2302287054959564,0.33523824010268877,0.9141370338248048,0.3328,3.0297801819356294,0.7451021457714146,1.0403006076812744,0.005394458770751953
