,Precision@k,Recall@K,MAP@K,nDCG@k,MRR@k,HitRate@k,Coverage@K,Time_fit,Time_predict
5,0.0014638442289310607,0.001262491928362016,0.0006820443699813484,0.001180804387834002,0.0019884869,0.004252988368721204,0.029110950487893025,1.7614099979400635,517.1966416835785
10,0.002422352021217891,0.002354089700253608,0.0007529873022432211,0.0015663077583747563,0.0024884406,0.00802268260463318,0.04256414889772316,1.7614099979400635,517.1966416835785
20,0.0039640107422570904,0.00394682562158886,0.0008467135819714129,0.002116671708880337,0.0029249315,0.014402165157714985,0.06070654138055656,1.7614099979400635,517.1966416835785
100,0.01428617916658776,0.01428617916658776,0.001068130435373018,0.004723911566795062,0.0037027986,0.050971421206946546,0.13081857607517167,1.7614099979400635,517.1966416835785
