,Precision@k,Recall@K,MAP@K,nDCG@k,MRR@k,HitRate@k,Coverage@K,Novelty@K,Diversity@k,Time_fit,Time_predict
5,0.011244257240098459,0.008818528722080074,0.006097441046922532,0.009897585697380026,0.016741755751646183,0.03159073338487377,0.03341163715215034,8.734019978246684,0.9411165806944397,1.1454076766967773,0.13498163223266602
10,0.01522501547694158,0.014315432970672596,0.005937430034380644,0.011396554519701101,0.019314017094668103,0.051531550745114764,0.047804481387784606,8.91545406691497,0.953759736415077,1.1454076766967773,0.13498163223266602
20,0.023874564364252917,0.023671255191731706,0.006366747281498292,0.014343642987564282,0.021364914495144285,0.08205593026045693,0.06805204192265991,9.115505872358462,0.9629402193890573,1.1454076766967773,0.13498163223266602
100,0.06497413761680017,0.06497413761680017,0.007537680497086147,0.025463803504556605,0.023880403198326863,0.19183706112873558,0.14563606794362124,9.668322790537399,0.978104032506373,1.1454076766967773,0.13498163223266602
