,Precision@k,Recall@K,MAP@K,nDCG@k,MRR@k,HitRate@k,Coverage@K,Time_fit,Time_predict
5,0.008734735960305443,0.007240733399098023,0.0049734725220435825,0.007635174224352465,0.011967437341809273,0.021973773238392887,0.0013185574377711346,,
10,0.011391178782518151,0.01093604486161857,0.0049411302935898,0.008614953176038493,0.013397283852100372,0.032574024551341944,0.0014192106772956488,,
20,0.01367633985352017,0.013601745285579964,0.004992236334967025,0.009340285223102734,0.013936341740190983,0.04027451106743564,0.001670843776106934,,
100,0.015429731927477227,0.015429731927477227,0.005052152253708454,0.009842240854229457,0.01409969199448824,0.04533298965750556,0.00235528580487363,,
